accession,category,url,bytes,status
GSE20194,matrix,https://ftp.ncbi.nlm.nih.gov/geo/series/GSE20nnn/GSE20194/matrix/GSE20194_series_matrix.txt.gz,17729405,available
GSE20194,miniml,https://ftp.ncbi.nlm.nih.gov/geo/series/GSE20nnn/GSE20194/miniml/GSE20194_family.xml.tgz,55191400,available
GSE20194,suppl,https://ftp.ncbi.nlm.nih.gov/geo/series/GSE20nnn/GSE20194/suppl/GSE20194_MDACC_Sample_Info.xls.gz,37253,available
GSE20194,suppl,https://ftp.ncbi.nlm.nih.gov/geo/series/GSE20nnn/GSE20194/suppl/GSE20194_RAW.tar,956712960,available
GSE20194,suppl,https://ftp.ncbi.nlm.nih.gov/geo/series/GSE20nnn/GSE20194/suppl/filelist.txt,20400,available
GSE20271,matrix,https://ftp.ncbi.nlm.nih.gov/geo/series/GSE20nnn/GSE20271/matrix/GSE20271_series_matrix.txt.gz,13886248,available
GSE20271,miniml,https://ftp.ncbi.nlm.nih.gov/geo/series/GSE20nnn/GSE20271/miniml/GSE20271_family.xml.tgz,32437934,available
GSE20271,suppl,https://ftp.ncbi.nlm.nih.gov/geo/series/GSE20nnn/GSE20271/suppl/GSE20271_RAW.tar,618926080,available
GSE20271,suppl,https://ftp.ncbi.nlm.nih.gov/geo/series/GSE20nnn/GSE20271/suppl/filelist.txt,13151,available
GSE22093,matrix,https://ftp.ncbi.nlm.nih.gov/geo/series/GSE22nnn/GSE22093/matrix/GSE22093_series_matrix.txt.gz,12650410,available
GSE22093,miniml,https://ftp.ncbi.nlm.nih.gov/geo/series/GSE22nnn/GSE22093/miniml/GSE22093_family.xml.tgz,26013246,available
GSE22093,suppl,https://ftp.ncbi.nlm.nih.gov/geo/series/GSE22nnn/GSE22093/suppl/GSE22093_RAW.tar,357324800,available
GSE22093,suppl,https://ftp.ncbi.nlm.nih.gov/geo/series/GSE22nnn/GSE22093/suppl/filelist.txt,5655,available
GSE23988,matrix,https://ftp.ncbi.nlm.nih.gov/geo/series/GSE23nnn/GSE23988/matrix/GSE23988_series_matrix.txt.gz,7549070,available
GSE23988,miniml,https://ftp.ncbi.nlm.nih.gov/geo/series/GSE23nnn/GSE23988/miniml/GSE23988_family.xml.tgz,17873597,available
GSE23988,suppl,https://ftp.ncbi.nlm.nih.gov/geo/series/GSE23nnn/GSE23988/suppl/GSE23988_RAW.tar,210585600,available
GSE23988,suppl,https://ftp.ncbi.nlm.nih.gov/geo/series/GSE23nnn/GSE23988/suppl/filelist.txt,3387,available
GSE25055,matrix,https://ftp.ncbi.nlm.nih.gov/geo/series/GSE25nnn/GSE25055/matrix/GSE25055_series_matrix.txt.gz,37718581,available
GSE25055,miniml,https://ftp.ncbi.nlm.nih.gov/geo/series/GSE25nnn/GSE25055/miniml/GSE25055_family.xml.tgz,66164602,available
GSE25055,suppl,https://ftp.ncbi.nlm.nih.gov/geo/series/GSE25nnn/GSE25055/suppl/GSE25055_RAW.tar,770519040,available
GSE25055,suppl,https://ftp.ncbi.nlm.nih.gov/geo/series/GSE25nnn/GSE25055/suppl/filelist.txt,21973,available
GSE25065,matrix,https://ftp.ncbi.nlm.nih.gov/geo/series/GSE25nnn/GSE25065/matrix/GSE25065_series_matrix.txt.gz,24194802,available
GSE25065,miniml,https://ftp.ncbi.nlm.nih.gov/geo/series/GSE25nnn/GSE25065/miniml/GSE25065_family.xml.tgz,44455393,available
GSE25065,suppl,https://ftp.ncbi.nlm.nih.gov/geo/series/GSE25nnn/GSE25065/suppl/GSE25065_RAW.tar,433418240,available
GSE25065,suppl,https://ftp.ncbi.nlm.nih.gov/geo/series/GSE25nnn/GSE25065/suppl/filelist.txt,14419,available
GSE32646,matrix,https://ftp.ncbi.nlm.nih.gov/geo/series/GSE32nnn/GSE32646/matrix/GSE32646_series_matrix.txt.gz,34762865,available
GSE32646,miniml,https://ftp.ncbi.nlm.nih.gov/geo/series/GSE32nnn/GSE32646/miniml/GSE32646_family.xml.tgz,66000054,available
GSE32646,suppl,https://ftp.ncbi.nlm.nih.gov/geo/series/GSE32nnn/GSE32646/suppl/GSE32646_RAW.tar,558356480,available
GSE32646,suppl,https://ftp.ncbi.nlm.nih.gov/geo/series/GSE32nnn/GSE32646/suppl/filelist.txt,7000,available
GSE34138,matrix,https://ftp.ncbi.nlm.nih.gov/geo/series/GSE34nnn/GSE34138/matrix/GSE34138_series_matrix.txt.gz,26528406,available
GSE34138,miniml,https://ftp.ncbi.nlm.nih.gov/geo/series/GSE34nnn/GSE34138/miniml/GSE34138_family.xml.tgz,53937986,available
GSE34138,suppl,https://ftp.ncbi.nlm.nih.gov/geo/series/GSE34nnn/GSE34138/suppl/GSE34138_RAW.tar,6584320,available
GSE34138,suppl,https://ftp.ncbi.nlm.nih.gov/geo/series/GSE34nnn/GSE34138/suppl/GSE34138_non-normalized.txt.gz,46374442,available
GSE34138,suppl,https://ftp.ncbi.nlm.nih.gov/geo/series/GSE34nnn/GSE34138/suppl/filelist.txt,172,available
GSE41998,matrix,https://ftp.ncbi.nlm.nih.gov/geo/series/GSE41nnn/GSE41998/matrix/GSE41998_series_matrix.txt.gz,13406899,available
GSE41998,miniml,https://ftp.ncbi.nlm.nih.gov/geo/series/GSE41nnn/GSE41998/miniml/GSE41998_family.xml.tgz,38275194,available
GSE41998,suppl,https://ftp.ncbi.nlm.nih.gov/geo/series/GSE41nnn/GSE41998/suppl/GSE41998_RAW.tar,561848320,available
GSE41998,suppl,https://ftp.ncbi.nlm.nih.gov/geo/series/GSE41nnn/GSE41998/suppl/filelist.txt,24366,available
GSE42822,matrix,https://ftp.ncbi.nlm.nih.gov/geo/series/GSE42nnn/GSE42822/matrix/GSE42822_series_matrix.txt.gz,7998250,available
GSE42822,miniml,https://ftp.ncbi.nlm.nih.gov/geo/series/GSE42nnn/GSE42822/miniml/GSE42822_family.xml.tgz,20165482,available
GSE42822,suppl,https://ftp.ncbi.nlm.nih.gov/geo/series/GSE42nnn/GSE42822/suppl/GSE42822_RAW.tar,314316800,available
GSE42822,suppl,https://ftp.ncbi.nlm.nih.gov/geo/series/GSE42nnn/GSE42822/suppl/filelist.txt,7445,available
GSE50948,matrix,https://ftp.ncbi.nlm.nih.gov/geo/series/GSE50nnn/GSE50948/matrix/GSE50948_series_matrix.txt.gz,46587896,available
GSE50948,miniml,https://ftp.ncbi.nlm.nih.gov/geo/series/GSE50nnn/GSE50948/miniml/GSE50948_family.xml.tgz,83993583,available
GSE50948,suppl,https://ftp.ncbi.nlm.nih.gov/geo/series/GSE50nnn/GSE50948/suppl/GSE50948_RAW.tar,646912000,available
GSE50948,suppl,https://ftp.ncbi.nlm.nih.gov/geo/series/GSE50nnn/GSE50948/suppl/filelist.txt,11166,available
