"accession","screen_status","n_samples","platforms","data_type","title","pubmed_ids","supplementary_file_types","screen_reasons","geo_url"
"GSE25055","mandatory_seed_review","310","GPL96","Expression profiling by array","Discovery cohort for genomic predictor of response and survival following neoadjuvant taxane-anthracycline chemotherapy in breast cancer","21558518;36293478","CEL","known or suspected source/derivative relationship","https://www.ncbi.nlm.nih.gov/geo/query/acc.cgi?acc=GSE25055"
"GSE41998","mandatory_seed_review","279","GPL571","Expression profiling by array","Biomarker analysis of neoadjuvant Doxorubicin/Cyclophosphamide followed by Ixabepilone or Paclitaxel in early-stage breast cancer","23340299","CEL","known or suspected source/derivative relationship","https://www.ncbi.nlm.nih.gov/geo/query/acc.cgi?acc=GSE41998"
"GSE20194","mandatory_seed_review","278","GPL96","Expression profiling by array","MAQC-II Project: human breast cancer (BR) data set","20064235;20676074","CEL, XLS","known or suspected source/derivative relationship","https://www.ncbi.nlm.nih.gov/geo/query/acc.cgi?acc=GSE20194"
"GSE25065","mandatory_seed_review","198","GPL96","Expression profiling by array","Validation cohort for genomic predictor of response and survival following neoadjuvant taxane-anthracycline chemotherapy in breast cancer","21558518;36293478","CEL","known or suspected source/derivative relationship","https://www.ncbi.nlm.nih.gov/geo/query/acc.cgi?acc=GSE25065"
"GSE20271","mandatory_seed_review","178","GPL96","Expression profiling by array","Expression data from breast cancer FNA biopsies from patients","20829329;23185353","CEL","known or suspected source/derivative relationship","https://www.ncbi.nlm.nih.gov/geo/query/acc.cgi?acc=GSE20271"
"GSE34138","mandatory_seed_review","178","GPL6884","Expression profiling by array","SERPINA6, BEX1, AGTR1, SLC26A3, and LAPTM4B are markers of resistance to neoadjuvant chemotherapy in HER2-negative breast cancer","23203637;28919995","TXT","known or suspected source/derivative relationship","https://www.ncbi.nlm.nih.gov/geo/query/acc.cgi?acc=GSE34138"
"GSE50948","mandatory_seed_review","156","GPL570","Expression profiling by array","Expression Data from transNOAH breast cancer trial","24443618","CEL","known or suspected source/derivative relationship","https://www.ncbi.nlm.nih.gov/geo/query/acc.cgi?acc=GSE50948"
"GSE32646","mandatory_seed_review","115","GPL570","Expression profiling by array","GSTP1 expression predicts poor pathological complete response to neoadjuvant chemotherapy in ER-negative breast cancer","22320227","CEL","known or suspected source/derivative relationship","https://www.ncbi.nlm.nih.gov/geo/query/acc.cgi?acc=GSE32646"
"GSE22093","mandatory_seed_review","103","GPL96","Expression profiling by array","Expression data from breast cancer FNA biopsies from patients","21191116;23185353","CEL","known or suspected source/derivative relationship","https://www.ncbi.nlm.nih.gov/geo/query/acc.cgi?acc=GSE22093"
"GSE42822","mandatory_seed_review","91","GPL96","Expression profiling by array","Expression data from breast cancer FNA biopsies from patients ( (USO samples)","23158478","CEL","known or suspected source/derivative relationship","https://www.ncbi.nlm.nih.gov/geo/query/acc.cgi?acc=GSE42822"
"GSE23988","mandatory_seed_review","61","GPL96","Expression profiling by array","Expression data from breast cancer FNA biopsies from patients (US samples)","21191116","CEL","known or suspected source/derivative relationship","https://www.ncbi.nlm.nih.gov/geo/query/acc.cgi?acc=GSE23988"
"GSE283522","priority_review","1254","GPL24676","Expression profiling by high throughput sequencing","The spatially informed mFISHseq assay resolves biomarker discordance and predicts treatment response in breast cancer","39747865","TXT","human expression series; response context; patient/tumor context","https://www.ncbi.nlm.nih.gov/geo/query/acc.cgi?acc=GSE283522"
"GSE194040","priority_review","988","GPL30493;20078","Expression profiling by array","I-SPY2-990 mRNA/RPPA Data Resource: mRNA component","35623341;40905691","TXT","human expression series; response context; patient/tumor context","https://www.ncbi.nlm.nih.gov/geo/query/acc.cgi?acc=GSE194040"
"GSE186102","priority_review","473","GPL30877","Expression profiling by array","Neoadjuvant eribulin in HER2-negative early-stage breast cancer (SOLTI-1007-NeoEribulin): a multicenter, two-cohort, non-randomized phase II trial","34824288","TXT","human expression series; response context; patient/tumor context","https://www.ncbi.nlm.nih.gov/geo/query/acc.cgi?acc=GSE186102"
"GSE319641","priority_review","401","GPL18573","Expression profiling by high throughput sequencing","RNA-Seq profiling of pre- and on-treatment tumor samples from breast cancer patients enrolled in the NeoTRIP trial.","42162664","TXT","human expression series; response context; patient/tumor context","https://www.ncbi.nlm.nih.gov/geo/query/acc.cgi?acc=GSE319641"
"GSE154524","priority_review","389","GPL11154;16791","Expression profiling by high throughput sequencing","CALGB 40603: Randomized Phase II 2 x 2 Factorial Trial of the Addition of Carboplatin +/- Bevacizumab to Neoadjuvant Weekly Paclitaxel Followed by Dose-Dense AC in Hormone Receptor-Poor/HER2-Negative Resectable Breast Cancer","35044810;38948758","TXT","human expression series; response context; patient/tumor context","https://www.ncbi.nlm.nih.gov/geo/query/acc.cgi?acc=GSE154524"
"GSE156915","priority_review","361","GPL29069","Expression profiling by array","In-depth clinical and biological exploration of DNA Damage Immune Response (DDIR) as a biomarker for oxaliplatin use in colorectal cancer","33028592","CEL","human expression series; response context; patient/tumor context","https://www.ncbi.nlm.nih.gov/geo/query/acc.cgi?acc=GSE156915"
"GSE243375","priority_review","287","GPL24676","Expression profiling by high throughput sequencing","HER2 heterogeneity and treatment response-associated profiles in HER2-positive breast cancer in the NCT02326974 clinical trial ","38300710","CSV","human expression series; response context; patient/tumor context","https://www.ncbi.nlm.nih.gov/geo/query/acc.cgi?acc=GSE243375"
"GSE87455","priority_review","275","GPL10558","Expression profiling by array","Assessment of tumor pathological and transcriptional biomarkers in pre- and on-treatment core biopsies predictive of response and outcome after neoadjuvant chemotherapy plus Bevacizumab in patients with HER2-negative breast cancer","28940389;30228933;29136509","TXT","human expression series; response context; patient/tumor context","https://www.ncbi.nlm.nih.gov/geo/query/acc.cgi?acc=GSE87455"
"GSE116335","priority_review","265","GPL11154;16791","Expression profiling by high throughput sequencing","CALGB 40601: Randomized Phase III Trial of Paclitaxel Combined With Trastuzumab, Lapatinib, or Both As Neoadjuvant Treatment of HER2-Positive Primary Breast Cancer","30037817;34412669;37923752","TSV, TXT, XLS","human expression series; response context; patient/tumor context","https://www.ncbi.nlm.nih.gov/geo/query/acc.cgi?acc=GSE116335"
"GSE230881","priority_review","263","GPL570","Expression profiling by array","IRSN-23 Prospective Analyses","40128415","CEL","human expression series; response context; patient/tumor context","https://www.ncbi.nlm.nih.gov/geo/query/acc.cgi?acc=GSE230881"
"GSE32603","priority_review","248","GPL14668","Expression profiling by array","Serial gene expression analysis in locally advanced breast cancer patients who failed to respond to neoadjuvant chemotherapy","26021444","GPR","human expression series; response context; patient/tumor context","https://www.ncbi.nlm.nih.gov/geo/query/acc.cgi?acc=GSE32603"
"GSE234519","priority_review","245","GPL24676","Expression profiling by high throughput sequencing","NSABP B-41: A Study of AC Followed by a Combination of Paclitaxel Plus Trastuzumab or Lapatinib or Both Given Before Surgery to Patients With Operable HER2 Positive Invasive Breast Cancer","38546612","TXT","human expression series; response context; patient/tumor context","https://www.ncbi.nlm.nih.gov/geo/query/acc.cgi?acc=GSE234519"
"GSE10886","priority_review","226","GPL885;1390;887","Expression profiling by array","A Supervised Risk Predictor of Breast Cancer Based on Biological Subtypes","19204204","","human expression series; response context; patient/tumor context","https://www.ncbi.nlm.nih.gov/geo/query/acc.cgi?acc=GSE10886"
"GSE163882","priority_review","222","GPL18573","Expression profiling by high throughput sequencing","Multi-center retrospective evaluation of a RNA expression classifier to predict pathological complete response to neoadjuvant chemotherapy in breast cancer biopsies","35935976","CSV","human expression series; response context; patient/tumor context","https://www.ncbi.nlm.nih.gov/geo/query/acc.cgi?acc=GSE163882"
"GSE130788","priority_review","199","GPL6480","Expression profiling by array","A Phase II Randomized Trial of Neoadjuvant Trastuzumab or Lapatinib or the Combination of Trastuzumab and Lapatinib, Followed by Docetaxel and Carboplatin with Trastuzumab and/or Lapatinib in Patients with HER2+ Breast Cancer","33951110","TXT","human expression series; response context; patient/tumor context","https://www.ncbi.nlm.nih.gov/geo/query/acc.cgi?acc=GSE130788"
"GSE234181","priority_review","184","GPL24676","Expression profiling by high throughput sequencing","Long-term multi-modal recording reveals epigenetic adaptation routes in dormant breast cancer cells [scRNA-Seq]","38527495","ZIP","human expression series; response context; patient/tumor context","https://www.ncbi.nlm.nih.gov/geo/query/acc.cgi?acc=GSE234181"
"GSE284956","priority_review","180","GPL24676","Expression profiling by high throughput sequencing","Overcoming intrinsic mechanisms of cell cycle inhibitor resistance in estrogen receptor-positive (ER+) breast cancer","","TSV","human expression series; response context; patient/tumor context","https://www.ncbi.nlm.nih.gov/geo/query/acc.cgi?acc=GSE284956"
"GSE109710","priority_review","173","GPL24546","Expression profiling by array","Tumor infiltrating lymphocytes in patients receiving trastuzumab/pertuzumab-based chemotherapy: A TRYPHAENA substudy","29788230","TXT","human expression series; response context; patient/tumor context","https://www.ncbi.nlm.nih.gov/geo/query/acc.cgi?acc=GSE109710"
"GSE4382","priority_review","167","GPL3045;180;2776;2777;3507;3047;2778;3147","Expression profiling by array","Repeated observation of breast tumor subtypes in independent gene expression data sets","12829800","","human expression series; response context; patient/tumor context","https://www.ncbi.nlm.nih.gov/geo/query/acc.cgi?acc=GSE4382"
"GSE149322","priority_review","150","GPL16233;20078","Expression profiling by array","AKT/mTOR/HER/PI3K family genes as predictors of pCR for early stage breast cancer patients treated with the AKT inhibitor MK2206 in the I-SPY 2 TRIAL (NCT01042379)","33083527;33767190","TXT","human expression series; response context; patient/tumor context","https://www.ncbi.nlm.nih.gov/geo/query/acc.cgi?acc=GSE149322"
"GSE22226","priority_review","150","GPL1708;4133","Expression profiling by array","Heterogeneity of Response to Chemotherapy and Recurrence-free Survival in Neoadjuvant Breast Cancer: Results from the I-SPY 1 TRIAL","22198468;36997615","","human expression series; response context; patient/tumor context","https://www.ncbi.nlm.nih.gov/geo/query/acc.cgi?acc=GSE22226"
"GSE63471","priority_review","142","GPL571","Expression profiling by array","Implementing whole genome array for clinical use in academic centers: A randomized trial comparing neoadjuvant standard chemotherapy to genomic-driven chemotherapy in operable breast cancer (REMAGUS04 trial)","","CEL","human expression series; response context; patient/tumor context","https://www.ncbi.nlm.nih.gov/geo/query/acc.cgi?acc=GSE63471"
"GSE240671","priority_review","122","GPL24676","Expression profiling by high throughput sequencing","Stranded bulk Illumina RNASeq of human mammary tumors before and after neoadjuvant chemotherapy treatment","38374113","CSV","human expression series; response context; patient/tumor context","https://www.ncbi.nlm.nih.gov/geo/query/acc.cgi?acc=GSE240671"
"GSE4335","priority_review","122","GPL180;2777;3047;3147;2778;2776;3045","Expression profiling by array","Norway/Stanford Breast Tumors","12829800","","human expression series; response context; patient/tumor context","https://www.ncbi.nlm.nih.gov/geo/query/acc.cgi?acc=GSE4335"
"GSE16446","priority_review","120","GPL570","Expression profiling by array","Multifactorial Approach to Predicting Resistance to Anthracyclines","21422418;20098429;20189874;26484051","CEL, TXT","human expression series; response context; patient/tumor context","https://www.ncbi.nlm.nih.gov/geo/query/acc.cgi?acc=GSE16446"
"GSE185507","priority_review","115","GPL30829","Expression profiling by array","An immunological signature to predict outcome in patients with triple-negative breast cancer patients with residual disease after neoadjuvant chemotherapy","35759853","RCC","human expression series; response context; patient/tumor context","https://www.ncbi.nlm.nih.gov/geo/query/acc.cgi?acc=GSE185507"
"GSE43807","priority_review","111","GPL16556","Expression profiling by RT-PCR","The expression profile of ABC transporter genes in post-treatment breast carcinomas","23556449","TXT","human expression series; response context; patient/tumor context","https://www.ncbi.nlm.nih.gov/geo/query/acc.cgi?acc=GSE43807"
"GSE130786","priority_review","110","GPL6480","Expression profiling by array","A Phase II Randomized Trial of Neoadjuvant Trastuzumab or Lapatinib or the Combination of Trastuzumab and Lapatinib, Followed by Docetaxel and Carboplatin with Trastuzumab and/or Lapatinib in Patients with HER2+ Breast Cancer [Baseline]","33951110","TXT","human expression series; response context; patient/tumor context","https://www.ncbi.nlm.nih.gov/geo/query/acc.cgi?acc=GSE130786"
"GSE231629","priority_review","109","GPL570","Expression profiling by array","Microarray gene expression profiles from female ER-positive HER2-normal breast cancer patients","37258527","CEL","human expression series; response context; patient/tumor context","https://www.ncbi.nlm.nih.gov/geo/query/acc.cgi?acc=GSE231629"
"GSE255359","priority_review","108","GPL21697","Expression profiling by high throughput sequencing","High mechanical conditioning by tumor extracellular matrix stiffness is a predictive biomarker for anti-fibrotic therapy in HER2-negative breast cancer","39283720","CSV","human expression series; response context; patient/tumor context","https://www.ncbi.nlm.nih.gov/geo/query/acc.cgi?acc=GSE255359"
"GSE181548","priority_review","105","GPL17784","Expression profiling by array","Pam50 of a Triple-Negative Breast Cancer Cohort Treated with Neoadjuvant Carboplatin and Docetaxel According to Lehmann's Refined Classification","","RCC, TXT","human expression series; response context; patient/tumor context","https://www.ncbi.nlm.nih.gov/geo/query/acc.cgi?acc=GSE181548"
"GSE4779","priority_review","102","GPL1352","Expression profiling by array","A stroma-related gene signature predicts sensitivity to epirubicin-containing neoadjuvant chemotherapy in breast cancer.","19122658","CEL","human expression series; response context; patient/tumor context","https://www.ncbi.nlm.nih.gov/geo/query/acc.cgi?acc=GSE4779"
"GSE111563","priority_review","101","GPL10558","Expression profiling by array","Gene expression analysis of breast tumours from dormant and acquired resistant patients","30616553","TXT","human expression series; response context; patient/tumor context","https://www.ncbi.nlm.nih.gov/geo/query/acc.cgi?acc=GSE111563"
"GSE114403","priority_review","100","GPL24993","Expression profiling by array","Immune profiling of pre- and post-treatment breast cancer tissues from the SOWG S0800 randomized neoadjuvant trail of weekly nab-paclitaxel with or without bevacizumab and dose dense doxorubicin and cyclophosphamide","30967156","TXT","human expression series; response context; patient/tumor context","https://www.ncbi.nlm.nih.gov/geo/query/acc.cgi?acc=GSE114403"
"GSE181466","priority_review","97","GPL16791","Expression profiling by high throughput sequencing","RNAseq of a Triple-Negative Breast Cancer Cohort Treated with Neoadjuvant Carboplatin and Docetaxel According to Lehmann's Refined Classification","","TXT","human expression series; response context; patient/tumor context","https://www.ncbi.nlm.nih.gov/geo/query/acc.cgi?acc=GSE181466"
"GSE48906","priority_review","96","GPL570","Expression profiling by array","Neoadjuvant anastrozole alone or with gefitinib in early breast cancer","24505287","CEL","human expression series; response context; patient/tumor context","https://www.ncbi.nlm.nih.gov/geo/query/acc.cgi?acc=GSE48906"
"GSE122630","priority_review","95","GPL17303","Expression profiling by high throughput sequencing","On-Treatment Biomarkers Improve Prediction of Response to Neoadjuvant Chemotherapy in Breast Cancer","31200764","TXT","human expression series; response context; patient/tumor context","https://www.ncbi.nlm.nih.gov/geo/query/acc.cgi?acc=GSE122630"
"GSE158724","priority_review","95","GPL24676;16791","Expression profiling by high throughput sequencing","Convergent evolution of resistance pathways during early stage breast cancer treatment with combination cell cycle (CDK) and endocrine signalling inhibitors ","34712959","TXT","human expression series; response context; patient/tumor context","https://www.ncbi.nlm.nih.gov/geo/query/acc.cgi?acc=GSE158724"
"GSE140494","priority_review","91","GPL570","Expression profiling by array","Gene expression-based prediction of neodjuvant chemotherapy response in early breast cancer","33542080","CEL","human expression series; response context; patient/tumor context","https://www.ncbi.nlm.nih.gov/geo/query/acc.cgi?acc=GSE140494"
"GSE130787","priority_review","89","GPL6480","Expression profiling by array","A Phase II Randomized Trial of Neoadjuvant Trastuzumab or Lapatinib or the Combination of Trastuzumab and Lapatinib, Followed by Docetaxel and Carboplatin with Trastuzumab and/or Lapatinib in Patients with HER2+ Breast Cancer [treatments]","33951110","TXT","human expression series; response context; patient/tumor context","https://www.ncbi.nlm.nih.gov/geo/query/acc.cgi?acc=GSE130787"
"GSE152360","priority_review","89","GPL18573","Expression profiling by high throughput sequencing","Chromatin Accessibility differentiates Invasive Lobular from Invasive Ductal Breast cancer and Dictates Response to Endocrine Treatment","35950920","BW","human expression series; response context; patient/tumor context","https://www.ncbi.nlm.nih.gov/geo/query/acc.cgi?acc=GSE152360"
"GSE119262","priority_review","88","GPL6104","Expression profiling by array","Gene expression profiling of pre-operative mTOR inhibitor everolimus treatment in breast cancer","20480226","TXT","human expression series; response context; patient/tumor context","https://www.ncbi.nlm.nih.gov/geo/query/acc.cgi?acc=GSE119262"
"GSE66305","priority_review","88","GPL570","Expression profiling by array","Prospective biomarker analysis of the randomized CHER-LOB study evaluating the dual anti-HER2 treatment with chemotherapy plus trastuzumab and lapatinib as neoadjuvant therapy for HER2-positive breast cancer [expression]","26245675","CEL","human expression series; response context; patient/tumor context","https://www.ncbi.nlm.nih.gov/geo/query/acc.cgi?acc=GSE66305"
"GSE192341","priority_review","87","GPL11154","Expression profiling by high throughput sequencing","RNAseq gene expression profiles of 87 pre-treatment biopsies of breast cancer patients to study neoadjuvant treatment response","35523804","TXT","human expression series; response context; patient/tumor context","https://www.ncbi.nlm.nih.gov/geo/query/acc.cgi?acc=GSE192341"
"GSE271080","priority_review","86","GPL20301","Expression profiling by high throughput sequencing","Randomized phase II trial of preoperative fulvestrant with or without enzalutamide for ER+/Her2- primary breast cancer","39368973","TXT","human expression series; response context; patient/tumor context","https://www.ncbi.nlm.nih.gov/geo/query/acc.cgi?acc=GSE271080"
"GSE18864","priority_review","84","GPL570","Expression profiling by array","Tumor expression data from neoadjuvant trial of cisplatin monotherapy in triple negative breast cancer patients","20100965;20098429;20189874","CEL","human expression series; response context; patient/tumor context","https://www.ncbi.nlm.nih.gov/geo/query/acc.cgi?acc=GSE18864"
"GSE27120","priority_review","79","GPL570","Expression profiling by array","Characterization and clinical evaluation of CD10+ stroma cells in the breast cancer microenvironment","22235100","CEL","human expression series; response context; patient/tumor context","https://www.ncbi.nlm.nih.gov/geo/query/acc.cgi?acc=GSE27120"
"GSE59515","priority_review","75","GPL10558","Expression profiling by array","Accurate prediction and validation of response to endocrine therapy in breast cancer","26033813","TXT","human expression series; response context; patient/tumor context","https://www.ncbi.nlm.nih.gov/geo/query/acc.cgi?acc=GSE59515"
"GSE260693","priority_review","73","GPL24676","Expression profiling by high throughput sequencing","Breast cancer-subtype and infiltrating macrophage signatures predict chemotherapy-response and survival","","CSV","human expression series; response context; patient/tumor context","https://www.ncbi.nlm.nih.gov/geo/query/acc.cgi?acc=GSE260693"
"GSE87377","priority_review","71","GPL570","Expression profiling by array","Implication of an Immune Score in Molecular Subtypes and Distant Metastasis of Breast Cancer: Comparison between Western and Chinese Han Patients","","CEL","human expression series; response context; patient/tumor context","https://www.ncbi.nlm.nih.gov/geo/query/acc.cgi?acc=GSE87377"
"GSE76727","priority_review","66","GPL10558","Expression profiling by array","Tumour sampling method can significantly influence gene expression profiles derived from neoadjuvant window studies II","27384960","TXT","human expression series; response context; patient/tumor context","https://www.ncbi.nlm.nih.gov/geo/query/acc.cgi?acc=GSE76727"
"GSE245132","priority_review","64","GPL23159","Expression profiling by array","Gene expression profiling of HER2-positive breast cancer samples collected at baseline and at surgery from patients who did not achieve pathological complete response after trastuzumab-based neoadjuvant biochemotherapy.","39833955","CEL","human expression series; response context; patient/tumor context","https://www.ncbi.nlm.nih.gov/geo/query/acc.cgi?acc=GSE245132"
"GSE18728","priority_review","61","GPL570","Expression profiling by array","Expression data from human breast cancers pre and post chemothrapy","20012355","CEL","human expression series; response context; patient/tumor context","https://www.ncbi.nlm.nih.gov/geo/query/acc.cgi?acc=GSE18728"
"GSE18378","priority_review","60","GPL6480;6848","Expression profiling by array","Gene profiling and prediction of response to anastrozole neoadjuvant treatment in breast cancer","20428938","TXT","human expression series; response context; patient/tumor context","https://www.ncbi.nlm.nih.gov/geo/query/acc.cgi?acc=GSE18378"
"GSE41656","priority_review","60","GPL6884","Expression profiling by array","Gene expression analysis of a series of HER2+ of breast tumors","24062158","TXT","human expression series; response context; patient/tumor context","https://www.ncbi.nlm.nih.gov/geo/query/acc.cgi?acc=GSE41656"
"GSE80077","priority_review","60","GPL571","Expression profiling by array","Preoperative short-term hormone therapy for hormone receptor positive breast cancer","28412725","CEL","human expression series; response context; patient/tumor context","https://www.ncbi.nlm.nih.gov/geo/query/acc.cgi?acc=GSE80077"
"GSE201085","priority_review","58","GPL24676","Expression profiling by high throughput sequencing","Peripheral Blood Monocyte Abundance Predicts Outcomes in Breast Cancer Patients","36304942","CSV, XLSX","human expression series; response context; patient/tumor context","https://www.ncbi.nlm.nih.gov/geo/query/acc.cgi?acc=GSE201085"
"GSE280902","priority_review","58","GPL30173","Expression profiling by high throughput sequencing","Identification of neoadjuvant chemotherapy response transcriptomic meta-signatures in invasive breast cancer in Latino patients","41366282","TXT","human expression series; response context; patient/tumor context","https://www.ncbi.nlm.nih.gov/geo/query/acc.cgi?acc=GSE280902"
"GSE21974","priority_review","57","GPL6480","Expression profiling by array","Molecular Subtype Predicts Response to Neoadjuvant Chemotherapy in Breast Cancer","21769435","TXT","human expression series; response context; patient/tumor context","https://www.ncbi.nlm.nih.gov/geo/query/acc.cgi?acc=GSE21974"
"GSE309004","priority_review","54","GPL18573","Expression profiling by high throughput sequencing","Molecular determinants of neoadjuvant chemotherapy resistance in breast cancer: An analysis of gene expression and tumor microenvironment","41086192","TXT","human expression series; response context; patient/tumor context","https://www.ncbi.nlm.nih.gov/geo/query/acc.cgi?acc=GSE309004"
"GSE234171","priority_review","51","GPL24676","Expression profiling by high throughput sequencing","Long-term multi-modal recording reveals epigenetic adaptation routes in dormant breast cancer cells [RNA-Seq]","38527495","TSV","human expression series; response context; patient/tumor context","https://www.ncbi.nlm.nih.gov/geo/query/acc.cgi?acc=GSE234171"
"GSE296805","priority_review","50","GPL24676","Expression profiling by high throughput sequencing","An immunological mechanism of resistance to CDK4/6 inhibitors in breast cancer","40702362;40624238","H5AD","human expression series; response context; patient/tumor context","https://www.ncbi.nlm.nih.gov/geo/query/acc.cgi?acc=GSE296805"
"GSE32072","priority_review","50","GPL96","Expression profiling by array","Expression data from breast cancer FNA and surgical specimens from patients","22235097","CEL","human expression series; response context; patient/tumor context","https://www.ncbi.nlm.nih.gov/geo/query/acc.cgi?acc=GSE32072"
"GSE37946","priority_review","50","GPL96","Expression profiling by array","HER2-enriched tumor initiating cell (HTIC) genomic predictor of response following neoadjuvant trastuzumab-based chemotherapy in HER2+ breast cancer","","CEL","human expression series; response context; patient/tumor context","https://www.ncbi.nlm.nih.gov/geo/query/acc.cgi?acc=GSE37946"
"GSE180295","priority_review","46","GPL30404","Expression profiling by array","Array data from neoDDRD clinical trial","34728791","CEL, TXT","human expression series; response context; patient/tumor context","https://www.ncbi.nlm.nih.gov/geo/query/acc.cgi?acc=GSE180295"
"GSE8465","priority_review","46","GPL1390;887","Expression profiling by array","A Phase II Study of Neoadjuvant Gemcitabine Plus Doxorubicin Followed by Gemcitabine Plus Cisplatin in Breast Cancer","18382427","","human expression series; response context; patient/tumor context","https://www.ncbi.nlm.nih.gov/geo/query/acc.cgi?acc=GSE8465"
"GSE143846","priority_review","44","GPL14550","Expression profiling by array","Stromal cell signature associated with response to neoadjuvant chemotherapy in locally advanced breast cancer","31817155","TXT","human expression series; response context; patient/tumor context","https://www.ncbi.nlm.nih.gov/geo/query/acc.cgi?acc=GSE143846"
"GSE189757","priority_review","44","GPL16791","Expression profiling by high throughput sequencing","Novel dynamic network analysis approach characterizes progressive and complex effects of weight gain and obesity on breast cancer signaling","","TXT","human expression series; response context; patient/tumor context","https://www.ncbi.nlm.nih.gov/geo/query/acc.cgi?acc=GSE189757"
"GSE207248","priority_review","44","GPL18573","Expression profiling by high throughput sequencing","On-treatment transcriptional profiling in HER2+ inflammatory breast cancer","","CSV","human expression series; response context; patient/tumor context","https://www.ncbi.nlm.nih.gov/geo/query/acc.cgi?acc=GSE207248"
"GSE48905","priority_review","42","GPL570","Expression profiling by array","The NEWEST trial","24505287","CEL","human expression series; response context; patient/tumor context","https://www.ncbi.nlm.nih.gov/geo/query/acc.cgi?acc=GSE48905"
"GSE180775","priority_review","41","GPL13607","Expression profiling by array","Recurrence biomarkers of triple negative breast cancer treated with neoadjuvant chemotherapy combined with anti-EGFR antibodies [Agilent]","34535679","TXT","human expression series; response context; patient/tumor context","https://www.ncbi.nlm.nih.gov/geo/query/acc.cgi?acc=GSE180775"
"GSE191127","priority_review","40","GPL11154","Expression profiling by high throughput sequencing","Comprehensive characterization of pre- and post-treatment samples of breast cancer reveal potential mechanisms of chemotherapy resistance","35523804","TXT","human expression series; response context; patient/tumor context","https://www.ncbi.nlm.nih.gov/geo/query/acc.cgi?acc=GSE191127"
"GSE52322","priority_review","37","GPL570","Expression profiling by array","Novel linkages between DCE-MRI and genomic profiling in locally advanced and inflammatory breast cancer","16467094;25811737","CEL","human expression series; response context; patient/tumor context","https://www.ncbi.nlm.nih.gov/geo/query/acc.cgi?acc=GSE52322"
"GSE114082","priority_review","34","GPL14951","Expression profiling by array","Gene expression profiling of primary HER2-positive breast cancers before and after brief exposure to single agent neoadjuvant trastuzumab","30478407","PDF, TXT","human expression series; response context; patient/tumor context","https://www.ncbi.nlm.nih.gov/geo/query/acc.cgi?acc=GSE114082"
"GSE161830","priority_review","29","GPL13376","Expression profiling by array","Molecular profiling of 16 week aromatase inhibitor-treated post-menopausal breast tumors","","TXT","human expression series; response context; patient/tumor context","https://www.ncbi.nlm.nih.gov/geo/query/acc.cgi?acc=GSE161830"
"GSE28826","priority_review","28","GPL570","Expression profiling by array","Differentially expressed genes after treatment with chemotherapy in breast cancer and their correlation with pathologic bad response (Miller & Payne grades 1 and 2)","23326553","CEL","human expression series; response context; patient/tumor context","https://www.ncbi.nlm.nih.gov/geo/query/acc.cgi?acc=GSE28826"
"GSE180717","priority_review","27","GPL23845","Expression profiling by array","Recurrence biomarkers of triple negative breast cancer treated with neoadjuvant chemotherapy combined with anti-EGFR antibodies [Nanostring]","34535679","TXT","human expression series; response context; patient/tumor context","https://www.ncbi.nlm.nih.gov/geo/query/acc.cgi?acc=GSE180717"
"GSE275065","priority_review","27","GPL24676","Expression profiling by high throughput sequencing","NSABP B-41: A Study of AC Followed by a Combination of Paclitaxel Plus Trastuzumab or Lapatinib or Both Given Before Surgery to Patients With Operable HER2 Positive Invasive Breast Cancer [B41_27_POST]","39706338","TXT","human expression series; response context; patient/tumor context","https://www.ncbi.nlm.nih.gov/geo/query/acc.cgi?acc=GSE275065"
"GSE43502","priority_review","25","GPL570","Expression profiling by array","Identification of Prognosis-Relevant Subgroups in Patients with Chemoresistant Triple Negative Breast Cancer","23549873","CEL","human expression series; response context; patient/tumor context","https://www.ncbi.nlm.nih.gov/geo/query/acc.cgi?acc=GSE43502"
"GSE19697","priority_review","24","GPL570","Expression profiling by array","An expression profile that predicts the therapeutic response of the basal-like breast cancer to neoadjuvant chemotherapy","19967557","CEL","human expression series; response context; patient/tumor context","https://www.ncbi.nlm.nih.gov/geo/query/acc.cgi?acc=GSE19697"
"GSE279219","priority_review","24","GPL24676","Expression profiling by high throughput sequencing","Early downmodulation of tumor glycolysis predicts response to fasting-mimicking diet in triple-negative breast cancer patients","39694040","MTX, TSV","human expression series; response context; patient/tumor context","https://www.ncbi.nlm.nih.gov/geo/query/acc.cgi?acc=GSE279219"
"GSE28796","priority_review","24","GPL570","Expression profiling by array","Gene expression profiles of pretreatment biopsies from dose-dense-docetaxel-treated breast cancers","21633166","CEL","human expression series; response context; patient/tumor context","https://www.ncbi.nlm.nih.gov/geo/query/acc.cgi?acc=GSE28796"
"GSE324721","priority_review","24","GPL34284","Expression profiling by high throughput sequencing","Neoadjuvant Palbociclib Treatment Impacts Cell Cycle Progression of DCIS","42649946","CSV","human expression series; response context; patient/tumor context","https://www.ncbi.nlm.nih.gov/geo/query/acc.cgi?acc=GSE324721"
"GSE62327","priority_review","24","GPL14951","Expression profiling by array","Gene expression profiling of primary HER2-positive breast cancers treated with neoadjuvant trastuzumab","26334217","PDF, TXT","human expression series; response context; patient/tumor context","https://www.ncbi.nlm.nih.gov/geo/query/acc.cgi?acc=GSE62327"
"GSE80333","priority_review","23","GPL16791;18573","Expression profiling by high throughput sequencing; Other","Spatial proximity to fibroblasts impacts molecular features and therapeutic sensitivity of breast cancer cells influencing clinical outcomes","27671678","TSV","human expression series; response context; patient/tumor context","https://www.ncbi.nlm.nih.gov/geo/query/acc.cgi?acc=GSE80333"
"GSE162187","priority_review","22","GPL20301","Expression profiling by high throughput sequencing","Transcriptomic analysis of breast cancer patients sensitive and resistant to chemotherapy: Looking for overall survival and drug resistance biomarkers","36338974","TSV","human expression series; response context; patient/tumor context","https://www.ncbi.nlm.nih.gov/geo/query/acc.cgi?acc=GSE162187"
"GSE33658","priority_review","22","GPL570","Expression profiling by array","A phase II neoadjuvant trial of anastrozole (A), fulvestrant (F) and gefitinib (I - iressa) in patients with newly diagnosed estrogen receptor positive breast cancer","21792626","CEL","human expression series; response context; patient/tumor context","https://www.ncbi.nlm.nih.gov/geo/query/acc.cgi?acc=GSE33658"
"GSE70233","priority_review","22","GPL570","Expression profiling by array","caArray_harri-00137: Predictors of Resistance to Preoperative Trastuzumab and Vinorelbine for HER2-Positive Early Breast Cancer","17317830","CEL","human expression series; response context; patient/tumor context","https://www.ncbi.nlm.nih.gov/geo/query/acc.cgi?acc=GSE70233"
"GSE103668","priority_review","21","GPL570","Expression profiling by array","Pre-treatment expression data from neoadjuvant platinum & bevacizumab treated triple negative breast cancer patients","29452344","CEL","human expression series; response context; patient/tumor context","https://www.ncbi.nlm.nih.gov/geo/query/acc.cgi?acc=GSE103668"
"GSE252315","priority_review","21","GPL11154","Expression profiling by high throughput sequencing","Basal epithelial subpopulations underlie and predict chemotherapy resistance in Triple-Negative Breast Cancer","38480932","TXT","human expression series; response context; patient/tumor context","https://www.ncbi.nlm.nih.gov/geo/query/acc.cgi?acc=GSE252315"
"GSE261774","priority_review","21","GPL24676","Expression profiling by high throughput sequencing","SPP1+ macrophages in HR+ breast cancer are associated with tumour-infiltrating lymphocytes.","39349495","H5","human expression series; response context; patient/tumor context","https://www.ncbi.nlm.nih.gov/geo/query/acc.cgi?acc=GSE261774"
"GSE197894","priority_review","20","GPL20301","Expression profiling by high throughput sequencing","An alternatively spliced p62 isoform promotes breast cancer chemoresistance","","XLSX","human expression series; response context; patient/tumor context","https://www.ncbi.nlm.nih.gov/geo/query/acc.cgi?acc=GSE197894"
"GSE270967","priority_review","20","GPL16791","Expression profiling by high throughput sequencing","LncRNA expression profile is associated with neoadjuvant chemotherapy resistance in luminal B breast cancer","39125649","CSV","human expression series; response context; patient/tumor context","https://www.ncbi.nlm.nih.gov/geo/query/acc.cgi?acc=GSE270967"
"GSE28583","priority_review","20","GPL570","Expression profiling by array","Differentially expressed genes after treatment with chemotherapy in breast cancer and their correlation with pathologic mid-response (Miller & Payne grade 3)","23326553","CEL","human expression series; response context; patient/tumor context","https://www.ncbi.nlm.nih.gov/geo/query/acc.cgi?acc=GSE28583"
"GSE149283","priority_review","18","GPL23159","Expression profiling by array","Gene expression profiling of primary HER2-positive breast cancers treated with neoadjuvant trastuzumab","","CEL","human expression series; response context; patient/tumor context","https://www.ncbi.nlm.nih.gov/geo/query/acc.cgi?acc=GSE149283"
"GSE160568","priority_review","18","GPL11154","Expression profiling by high throughput sequencing","Identification of biomarkers of response to preoperative talazoparib monotherapy   in treatment naïve gBRCA+ breast cancers","35538088","TXT","human expression series; response context; patient/tumor context","https://www.ncbi.nlm.nih.gov/geo/query/acc.cgi?acc=GSE160568"
"GSE232764","priority_review","17","GPL24676","Expression profiling by high throughput sequencing","TBCRC 039: A phase II study of preoperative ruxolitinib with or without paclitaxel for triple-negative inflammatory breast cancer","38297352","CSV","human expression series; response context; patient/tumor context","https://www.ncbi.nlm.nih.gov/geo/query/acc.cgi?acc=GSE232764"
"GSE336193","priority_review","16","GPL34284","Expression profiling by high throughput sequencing","Zanidatamab in Patients with Early Stage HER2-positive Breast Cancer: The NeoZanHER Phase 2 Single-Arm Open-Label Trial","","CSV","human expression series; response context; patient/tumor context","https://www.ncbi.nlm.nih.gov/geo/query/acc.cgi?acc=GSE336193"
"GSE230536","priority_review","15","GPL18573","Expression profiling by high throughput sequencing","NK cell-triggered CCL5/IFN?-CXCL9/10 axis underlies the clinical efficacy of HER2-targeted antibodies in primary HER2 positive breast cancer [RNA-seq]","38167224","CSV","human expression series; response context; patient/tumor context","https://www.ncbi.nlm.nih.gov/geo/query/acc.cgi?acc=GSE230536"
"GSE260989","priority_review","14","GPL24676","Expression profiling by high throughput sequencing","Phase 1 Trial Combining Neoadjuvant Chemotherapy with Chemokine Modulatory Regimen for Triple Negative Breast Cancer","39542655","CSV","human expression series; response context; patient/tumor context","https://www.ncbi.nlm.nih.gov/geo/query/acc.cgi?acc=GSE260989"
"GSE43816","priority_review","14","GPL11532","Expression profiling by array","Response to Neoadjuvant Chemotherapy in Triple Negative Breast tumors.","27006338","CEL","human expression series; response context; patient/tumor context","https://www.ncbi.nlm.nih.gov/geo/query/acc.cgi?acc=GSE43816"
"GSE28694","priority_review","13","GPL570","Expression profiling by array","Differentially expressed genes after treatment with chemotherapy in breast cancer and their correlation with pathologic good response (Miller & Payne grades 4 and 5)","23326553","CEL","human expression series; response context; patient/tumor context","https://www.ncbi.nlm.nih.gov/geo/query/acc.cgi?acc=GSE28694"
"GSE310900","priority_review","13","GPL23126","Expression profiling by array","Gene expression profile of FFPE primary Her2-positive breast cancer samples from patient who were subjected to  neoadjuvant therapy","41790341","CEL, CHP","human expression series; response context; patient/tumor context","https://www.ncbi.nlm.nih.gov/geo/query/acc.cgi?acc=GSE310900"
"GSE159448","priority_review","12","GPL16791","Expression profiling by high throughput sequencing","RNA-Seq analysis identifies to GATA3-AS1 as a lncRNA associated with resistance to neoadjuvant chemotherapy in locally advanced breast cancer patients","34358678;38003293","TXT","human expression series; response context; patient/tumor context","https://www.ncbi.nlm.nih.gov/geo/query/acc.cgi?acc=GSE159448"
"GSE230521","priority_review","12","GPL23159","Expression profiling by array","NK cell-triggered CCL5/IFNg-CXCL9/10 axis underlies the clinical efficacy of HER2-targeted antibodies in primary HER2-positive breast cancer [array]","38167224","CEL","human expression series; response context; patient/tumor context","https://www.ncbi.nlm.nih.gov/geo/query/acc.cgi?acc=GSE230521"
"GSE300749","priority_review","12","GPL24676","Expression profiling by high throughput sequencing","Cannabinoid CB2 receptor drives trastuzumab resistance and predicts durable anti-HER2 response","42115409","SF","human expression series; response context; patient/tumor context","https://www.ncbi.nlm.nih.gov/geo/query/acc.cgi?acc=GSE300749"
"GSE255107","priority_review","11","GPL24676","Expression profiling by high throughput sequencing","STING signalling compensates for low tumour mutation burden to drive anti-tumour immunity","38401418","MTX, TSV","human expression series; response context; patient/tumor context","https://www.ncbi.nlm.nih.gov/geo/query/acc.cgi?acc=GSE255107"
"GSE67982","priority_review","11","GPL17586","Expression profiling by array","ColXα1 and Tumor Infiltrating Lymphocytes: a Marker of Response to Neoadjuvant Therapy in Estrogen Receptor and Human Epidermal Growth Factor Receptor 2 Positive Breast Cancer","","CEL","human expression series; response context; patient/tumor context","https://www.ncbi.nlm.nih.gov/geo/query/acc.cgi?acc=GSE67982"
"GSE35535","priority_review","10","GPL13497","Expression profiling by array","TIMP1 overexpression mediates resistance of MCF-7 human breast cancer cells to fulvestrant and down-regulates progesterone receptor expression","23881388","TXT","human expression series; response context; patient/tumor context","https://www.ncbi.nlm.nih.gov/geo/query/acc.cgi?acc=GSE35535"
