series_a,series_b,shared_sample_accessions,samples_a,samples_b,smaller_set_containment,jaccard,overlap_pattern,shared_pubmed_ids,title_a,title_b,sample_accession_list
GSE194040,GSE196096,988,988,1724,1.0,0.573086,complete_containment,35623341;40905691,I-SPY2-990 mRNA/RPPA Data Resource: mRNA component,I-SPY2-990 mRNA/RPPA Data Resource,GSM5825900;GSM5825901;GSM5825902;GSM5825903;GSM5825904;GSM5825905;GSM5825906;GSM5825907;GSM5825908;GSM5825909;GSM5825910;GSM5825911;GSM5825912;GSM5825913;GSM5825914;GSM5825915;GSM5825916;GSM5825917;GSM5825918;GSM5825919;GSM5825920;GSM5825921;GSM5825922;GSM5825923;GSM5825924;GSM5825925;GSM5825926;GSM5825927;GSM5825928;GSM5825929;GSM5825930;GSM5825931;GSM5825932;GSM5825933;GSM5825934;GSM5825935;GSM5825936;GSM5825937;GSM5825938;GSM5825939;GSM5825940;GSM5825941;GSM5825942;GSM5825943;GSM5825944;GSM5825945;GSM5825946;GSM5825947;GSM5825948;GSM5825949;GSM5825950;GSM5825951;GSM5825952;GSM5825953;GSM5825954;GSM5825955;GSM5825956;GSM5825957;GSM5825958;GSM5825959;GSM5825960;GSM5825961;GSM5825962;GSM5825963;GSM5825964;GSM5825965;GSM5825966;GSM5825967;GSM5825968;GSM5825969;GSM5825970;GSM5825971;GSM5825972;GSM5825973;GSM5825974;GSM5825975;GSM5825976;GSM5825977;GSM5825978;GSM5825979;GSM5825980;GSM5825981;GSM5825982;GSM5825983;GSM5825984;GSM5825985;GSM5825986;GSM5825987;GSM5825988;GSM5825989;GSM5825990;GSM5825991;GSM5825992;GSM5825993;GSM5825994;GSM5825995;GSM5825996;GSM5825997;GSM5825998;GSM5825999;GSM5826000;GSM5826001;GSM5826002;GSM5826003;GSM5826004;GSM5826005;GSM5826006;GSM5826007;GSM5826008;GSM5826009;GSM5826010;GSM5826011;GSM5826012;GSM5826013;GSM5826014;GSM5826015;GSM5826016;GSM5826017;GSM5826018;GSM5826019;GSM5826020;GSM5826021;GSM5826022;GSM5826023;GSM5826024;GSM5826025;GSM5826026;GSM5826027;GSM5826028;GSM5826029;GSM5826030;GSM5826031;GSM5826032;GSM5826033;GSM5826034;GSM5826035;GSM5826036;GSM5826037;GSM5826038;GSM5826039;GSM5826040;GSM5826041;GSM5826042;GSM5826043;GSM5826044;GSM5826045;GSM5826046;GSM5826047;GSM5826048;GSM5826049;GSM5826050;GSM5826051;GSM5826052;GSM5826053;GSM5826054;GSM5826055;GSM5826056;GSM5826057;GSM5826058;GSM5826059;GSM5826060;GSM5826061;GSM5826062;GSM5826063;GSM5826064;GSM5826065;GSM5826066;GSM5826067;GSM5826068;GSM5826069;GSM5826070;GSM5826071;GSM5826072;GSM5826073;GSM5826074;GSM5826075;GSM5826076;GSM5826077;GSM5826078;GSM5826079;GSM5826080;GSM5826081;GSM5826082;GSM5826083;GSM5826084;GSM5826085;GSM5826086;GSM5826087;GSM5826088;GSM5826089;GSM5826090;GSM5826091;GSM5826092;GSM5826093;GSM5826094;GSM5826095;GSM5826096;GSM5826097;GSM5826098;GSM5826099;GSM5826100;GSM5826101;GSM5826102;GSM5826103;GSM5826104;GSM5826105;GSM5826106;GSM5826107;GSM5826108;GSM5826109;GSM5826110;GSM5826111;GSM5826112;GSM5826113;GSM5826114;GSM5826115;GSM5826116;GSM5826117;GSM5826118;GSM5826119;GSM5826120;GSM5826121;GSM5826122;GSM5826123;GSM5826124;GSM5826125;GSM5826126;GSM5826127;GSM5826128;GSM5826129;GSM5826130;GSM5826131;GSM5826132;GSM5826133;GSM5826134;GSM5826135;GSM5826136;GSM5826137;GSM5826138;GSM5826139;GSM5826140;GSM5826141;GSM5826142;GSM5826143;GSM5826144;GSM5826145;GSM5826146;GSM5826147;GSM5826148;GSM5826149;GSM5826150;GSM5826151;GSM5826152;GSM5826153;GSM5826154;GSM5826155;GSM5826156;GSM5826157;GSM5826158;GSM5826159;GSM5826160;GSM5826161;GSM5826162;GSM5826163;GSM5826164;GSM5826165;GSM5826166;GSM5826167;GSM5826168;GSM5826169;GSM5826170;GSM5826171;GSM5826172;GSM5826173;GSM5826174;GSM5826175;GSM5826176;GSM5826177;GSM5826178;GSM5826179;GSM5826180;GSM5826181;GSM5826182;GSM5826183;GSM5826184;GSM5826185;GSM5826186;GSM5826187;GSM5826188;GSM5826189;GSM5826190;GSM5826191;GSM5826192;GSM5826193;GSM5826194;GSM5826195;GSM5826196;GSM5826197;GSM5826198;GSM5826199;GSM5826200;GSM5826201;GSM5826202;GSM5826203;GSM5826204;GSM5826205;GSM5826206;GSM5826207;GSM5826208;GSM5826209;GSM5826210;GSM5826211;GSM5826212;GSM5826213;GSM5826214;GSM5826215;GSM5826216;GSM5826217;GSM5826218;GSM5826219;GSM5826220;GSM5826221;GSM5826222;GSM5826223;GSM5826224;GSM5826225;GSM5826226;GSM5826227;GSM5826228;GSM5826229;GSM5826230;GSM5826231;GSM5826232;GSM5826233;GSM5826234;GSM5826235;GSM5826236;GSM5826237;GSM5826238;GSM5826239;GSM5826240;GSM5826241;GSM5826242;GSM5826243;GSM5826244;GSM5826245;GSM5826246;GSM5826247;GSM5826248;GSM5826249;GSM5826250;GSM5826251;GSM5826252;GSM5826253;GSM5826254;GSM5826255;GSM5826256;GSM5826257;GSM5826258;GSM5826259;GSM5826260;GSM5826261;GSM5826262;GSM5826263;GSM5826264;GSM5826265;GSM5826266;GSM5826267;GSM5826268;GSM5826269;GSM5826270;GSM5826271;GSM5826272;GSM5826273;GSM5826274;GSM5826275;GSM5826276;GSM5826277;GSM5826278;GSM5826279;GSM5826280;GSM5826281;GSM5826282;GSM5826283;GSM5826284;GSM5826285;GSM5826286;GSM5826287;GSM5826288;GSM5826289;GSM5826290;GSM5826291;GSM5826292;GSM5826293;GSM5826294;GSM5826295;GSM5826296;GSM5826297;GSM5826298;GSM5826299;GSM5826300;GSM5826301;GSM5826302;GSM5826303;GSM5826304;GSM5826305;GSM5826306;GSM5826307;GSM5826308;GSM5826309;GSM5826310;GSM5826311;GSM5826312;GSM5826313;GSM5826314;GSM5826315;GSM5826316;GSM5826317;GSM5826318;GSM5826319;GSM5826320;GSM5826321;GSM5826322;GSM5826323;GSM5826324;GSM5826325;GSM5826326;GSM5826327;GSM5826328;GSM5826329;GSM5826330;GSM5826331;GSM5826332;GSM5826333;GSM5826334;GSM5826335;GSM5826336;GSM5826337;GSM5826338;GSM5826339;GSM5826340;GSM5826341;GSM5826342;GSM5826343;GSM5826344;GSM5826345;GSM5826346;GSM5826347;GSM5826348;GSM5826349;GSM5826350;GSM5826351;GSM5826352;GSM5826353;GSM5826354;GSM5826355;GSM5826356;GSM5826357;GSM5826358;GSM5826359;GSM5826360;GSM5826361;GSM5826362;GSM5826363;GSM5826364;GSM5826365;GSM5826366;GSM5826367;GSM5826368;GSM5826369;GSM5826370;GSM5826371;GSM5826372;GSM5826373;GSM5826374;GSM5826375;GSM5826376;GSM5826377;GSM5826378;GSM5826379;GSM5826380;GSM5826381;GSM5826382;GSM5826383;GSM5826384;GSM5826385;GSM5826386;GSM5826387;GSM5826388;GSM5826389;GSM5826390;GSM5826391;GSM5826392;GSM5826393;GSM5826394;GSM5826395;GSM5826396;GSM5826397;GSM5826398;GSM5826399;GSM5826400;GSM5826401;GSM5826402;GSM5826403;GSM5826404;GSM5826405;GSM5826406;GSM5826407;GSM5826408;GSM5826409;GSM5826410;GSM5826411;GSM5826412;GSM5826413;GSM5826414;GSM5826415;GSM5826416;GSM5826417;GSM5826418;GSM5826419;GSM5826420;GSM5826421;GSM5826422;GSM5826423;GSM5826424;GSM5826425;GSM5826426;GSM5826427;GSM5826428;GSM5826429;GSM5826430;GSM5826431;GSM5826432;GSM5826433;GSM5826434;GSM5826435;GSM5826436;GSM5826437;GSM5826438;GSM5826439;GSM5826440;GSM5826441;GSM5826442;GSM5826443;GSM5826444;GSM5826445;GSM5826446;GSM5826447;GSM5826448;GSM5826449;GSM5826450;GSM5826451;GSM5826452;GSM5826453;GSM5826454;GSM5826455;GSM5826456;GSM5826457;GSM5826458;GSM5826459;GSM5826460;GSM5826461;GSM5826462;GSM5826463;GSM5826464;GSM5826465;GSM5826466;GSM5826467;GSM5826468;GSM5826469;GSM5826470;GSM5826471;GSM5826472;GSM5826473;GSM5826474;GSM5826475;GSM5826476;GSM5826477;GSM5826478;GSM5826479;GSM5826480;GSM5826481;GSM5826482;GSM5826483;GSM5826484;GSM5826485;GSM5826486;GSM5826487;GSM5826488;GSM5826489;GSM5826490;GSM5826491;GSM5826492;GSM5826493;GSM5826494;GSM5826495;GSM5826496;GSM5826497;GSM5826498;GSM5826499;GSM5826500;GSM5826501;GSM5826502;GSM5826503;GSM5826504;GSM5826505;GSM5826506;GSM5826507;GSM5826508;GSM5826509;GSM5826510;GSM5826511;GSM5826512;GSM5826513;GSM5826514;GSM5826515;GSM5826516;GSM5826517;GSM5826518;GSM5826519;GSM5826520;GSM5826521;GSM5826522;GSM5826523;GSM5826524;GSM5826525;GSM5826526;GSM5826527;GSM5826528;GSM5826529;GSM5826530;GSM5826531;GSM5826532;GSM5826533;GSM5826534;GSM5826535;GSM5826536;GSM5826537;GSM5826538;GSM5826539;GSM5826540;GSM5826541;GSM5826542;GSM5826543;GSM5826544;GSM5826545;GSM5826546;GSM5826547;GSM5826548;GSM5826549;GSM5826550;GSM5826551;GSM5826552;GSM5826553;GSM5826554;GSM5826555;GSM5826556;GSM5826557;GSM5826558;GSM5826559;GSM5826560;GSM5826561;GSM5826562;GSM5826563;GSM5826564;GSM5826565;GSM5826566;GSM5826567;GSM5826568;GSM5826569;GSM5826570;GSM5826571;GSM5826572;GSM5826573;GSM5826574;GSM5826575;GSM5826576;GSM5826577;GSM5826578;GSM5826579;GSM5826580;GSM5826581;GSM5826582;GSM5826583;GSM5826584;GSM5826585;GSM5826586;GSM5826587;GSM5826588;GSM5826589;GSM5826590;GSM5826591;GSM5826592;GSM5826593;GSM5826594;GSM5826595;GSM5826596;GSM5826597;GSM5826598;GSM5826599;GSM5826600;GSM5826601;GSM5826602;GSM5826603;GSM5826604;GSM5826605;GSM5826606;GSM5826607;GSM5826608;GSM5826609;GSM5826610;GSM5826611;GSM5826612;GSM5826613;GSM5826614;GSM5826615;GSM5826616;GSM5826617;GSM5826618;GSM5826619;GSM5826620;GSM5826621;GSM5826622;GSM5826623;GSM5826624;GSM5826625;GSM5826626;GSM5826627;GSM5826628;GSM5826629;GSM5826630;GSM5826631;GSM5826632;GSM5826633;GSM5826634;GSM5826635;GSM5826636;GSM5826637;GSM5826638;GSM5826639;GSM5826640;GSM5826641;GSM5826642;GSM5826643;GSM5826644;GSM5826645;GSM5826646;GSM5826647;GSM5826648;GSM5826649;GSM5826650;GSM5826651;GSM5826652;GSM5826653;GSM5826654;GSM5826655;GSM5826656;GSM5826657;GSM5826658;GSM5826659;GSM5826660;GSM5826661;GSM5826662;GSM5826663;GSM5826664;GSM5826665;GSM5826666;GSM5826667;GSM5826668;GSM5826669;GSM5826670;GSM5826671;GSM5826672;GSM5826673;GSM5826674;GSM5826675;GSM5826676;GSM5826677;GSM5826678;GSM5826679;GSM5826680;GSM5826681;GSM5826682;GSM5826683;GSM5826684;GSM5826685;GSM5826686;GSM5826687;GSM5826688;GSM5826689;GSM5826690;GSM5826691;GSM5826692;GSM5826693;GSM5826694;GSM5826695;GSM5826696;GSM5826697;GSM5826698;GSM5826699;GSM5826700;GSM5826701;GSM5826702;GSM5826703;GSM5826704;GSM5826705;GSM5826706;GSM5826707;GSM5826708;GSM5826709;GSM5826710;GSM5826711;GSM5826712;GSM5826713;GSM5826714;GSM5826715;GSM5826716;GSM5826717;GSM5826718;GSM5826719;GSM5826720;GSM5826721;GSM5826722;GSM5826723;GSM5826724;GSM5826725;GSM5826726;GSM5826727;GSM5826728;GSM5826729;GSM5826730;GSM5826731;GSM5826732;GSM5826733;GSM5826734;GSM5826735;GSM5826736;GSM5826737;GSM5826738;GSM5826739;GSM5826740;GSM5826741;GSM5826742;GSM5826743;GSM5826744;GSM5826745;GSM5826746;GSM5826747;GSM5826748;GSM5826749;GSM5826750;GSM5826751;GSM5826752;GSM5826753;GSM5826754;GSM5826755;GSM5826756;GSM5826757;GSM5826758;GSM5826759;GSM5826760;GSM5826761;GSM5826762;GSM5826763;GSM5826764;GSM5826765;GSM5826766;GSM5826767;GSM5826768;GSM5826769;GSM5826770;GSM5826771;GSM5826772;GSM5826773;GSM5826774;GSM5826775;GSM5826776;GSM5826777;GSM5826778;GSM5826779;GSM5826780;GSM5826781;GSM5826782;GSM5826783;GSM5826784;GSM5826785;GSM5826786;GSM5826787;GSM5826788;GSM5826789;GSM5826790;GSM5826791;GSM5826792;GSM5826793;GSM5826794;GSM5826795;GSM5826796;GSM5826797;GSM5826798;GSM5826799;GSM5826800;GSM5826801;GSM5826802;GSM5826803;GSM5826804;GSM5826805;GSM5826806;GSM5826807;GSM5826808;GSM5826809;GSM5826810;GSM5826811;GSM5826812;GSM5826813;GSM5826814;GSM5826815;GSM5826816;GSM5826817;GSM5826818;GSM5826819;GSM5826820;GSM5826821;GSM5826822;GSM5826823;GSM5826824;GSM5826825;GSM5826826;GSM5826827;GSM5826828;GSM5826829;GSM5826830;GSM5826831;GSM5826832;GSM5826833;GSM5826834;GSM5826835;GSM5826836;GSM5826837;GSM5826838;GSM5826839;GSM5826840;GSM5826841;GSM5826842;GSM5826843;GSM5826844;GSM5826845;GSM5826846;GSM5826847;GSM5826848;GSM5826849;GSM5826850;GSM5826851;GSM5826852;GSM5826853;GSM5826854;GSM5826855;GSM5826856;GSM5826857;GSM5826858;GSM5826859;GSM5826860;GSM5826861;GSM5826862;GSM5826863;GSM5826864;GSM5826865;GSM5826866;GSM5826867;GSM5826868;GSM5826869;GSM5826870;GSM5826871;GSM5826872;GSM5826873;GSM5826874;GSM5826875;GSM5826876;GSM5826877;GSM5826878;GSM5826879;GSM5826880;GSM5826881;GSM5826882;GSM5826883;GSM5826884;GSM5826885;GSM5826886;GSM5826887
GSE196093,GSE196096,736,736,1724,1.0,0.426914,complete_containment,35623341;40905691,I-SPY2-990 mRNA/RPPA Data Resource: RPPA component,I-SPY2-990 mRNA/RPPA Data Resource,GSM5859233;GSM5859234;GSM5859235;GSM5859236;GSM5859237;GSM5859238;GSM5859239;GSM5859240;GSM5859241;GSM5859242;GSM5859243;GSM5859244;GSM5859245;GSM5859246;GSM5859247;GSM5859248;GSM5859249;GSM5859250;GSM5859251;GSM5859252;GSM5859253;GSM5859254;GSM5859255;GSM5859256;GSM5859257;GSM5859258;GSM5859259;GSM5859260;GSM5859261;GSM5859262;GSM5859263;GSM5859264;GSM5859265;GSM5859266;GSM5859267;GSM5859268;GSM5859269;GSM5859270;GSM5859271;GSM5859272;GSM5859273;GSM5859274;GSM5859275;GSM5859276;GSM5859277;GSM5859278;GSM5859279;GSM5859280;GSM5859281;GSM5859282;GSM5859283;GSM5859284;GSM5859285;GSM5859286;GSM5859287;GSM5859288;GSM5859289;GSM5859290;GSM5859291;GSM5859292;GSM5859293;GSM5859294;GSM5859295;GSM5859296;GSM5859297;GSM5859298;GSM5859299;GSM5859300;GSM5859301;GSM5859302;GSM5859303;GSM5859304;GSM5859305;GSM5859306;GSM5859307;GSM5859308;GSM5859309;GSM5859310;GSM5859311;GSM5859312;GSM5859313;GSM5859314;GSM5859315;GSM5859316;GSM5859317;GSM5859318;GSM5859319;GSM5859320;GSM5859321;GSM5859322;GSM5859323;GSM5859324;GSM5859325;GSM5859326;GSM5859327;GSM5859328;GSM5859329;GSM5859330;GSM5859331;GSM5859332;GSM5859333;GSM5859334;GSM5859335;GSM5859336;GSM5859337;GSM5859338;GSM5859339;GSM5859340;GSM5859341;GSM5859342;GSM5859343;GSM5859344;GSM5859345;GSM5859346;GSM5859347;GSM5859348;GSM5859349;GSM5859350;GSM5859351;GSM5859352;GSM5859353;GSM5859354;GSM5859355;GSM5859356;GSM5859357;GSM5859358;GSM5859359;GSM5859360;GSM5859361;GSM5859362;GSM5859363;GSM5859364;GSM5859365;GSM5859366;GSM5859367;GSM5859368;GSM5859369;GSM5859370;GSM5859371;GSM5859372;GSM5859373;GSM5859374;GSM5859375;GSM5859376;GSM5859377;GSM5859378;GSM5859379;GSM5859380;GSM5859381;GSM5859382;GSM5859383;GSM5859384;GSM5859385;GSM5859386;GSM5859387;GSM5859388;GSM5859389;GSM5859390;GSM5859391;GSM5859392;GSM5859393;GSM5859394;GSM5859395;GSM5859396;GSM5859397;GSM5859398;GSM5859399;GSM5859400;GSM5859401;GSM5859402;GSM5859403;GSM5859404;GSM5859405;GSM5859406;GSM5859407;GSM5859408;GSM5859409;GSM5859410;GSM5859411;GSM5859412;GSM5859413;GSM5859414;GSM5859415;GSM5859416;GSM5859417;GSM5859418;GSM5859419;GSM5859420;GSM5859421;GSM5859422;GSM5859423;GSM5859424;GSM5859425;GSM5859426;GSM5859427;GSM5859428;GSM5859429;GSM5859430;GSM5859431;GSM5859432;GSM5859433;GSM5859434;GSM5859435;GSM5859436;GSM5859437;GSM5859438;GSM5859439;GSM5859440;GSM5859441;GSM5859442;GSM5859443;GSM5859444;GSM5859445;GSM5859446;GSM5859447;GSM5859448;GSM5859449;GSM5859450;GSM5859451;GSM5859452;GSM5859453;GSM5859454;GSM5859455;GSM5859456;GSM5859457;GSM5859458;GSM5859459;GSM5859460;GSM5859461;GSM5859462;GSM5859463;GSM5859464;GSM5859465;GSM5859466;GSM5859467;GSM5859468;GSM5859469;GSM5859470;GSM5859471;GSM5859472;GSM5859473;GSM5859474;GSM5859475;GSM5859476;GSM5859477;GSM5859478;GSM5859479;GSM5859480;GSM5859481;GSM5859482;GSM5859483;GSM5859484;GSM5859485;GSM5859486;GSM5859487;GSM5859488;GSM5859489;GSM5859490;GSM5859491;GSM5859492;GSM5859493;GSM5859494;GSM5859495;GSM5859496;GSM5859497;GSM5859498;GSM5859499;GSM5859500;GSM5859501;GSM5859502;GSM5859503;GSM5859504;GSM5859505;GSM5859506;GSM5859507;GSM5859508;GSM5859509;GSM5859510;GSM5859511;GSM5859512;GSM5859513;GSM5859514;GSM5859515;GSM5859516;GSM5859517;GSM5859518;GSM5859519;GSM5859520;GSM5859521;GSM5859522;GSM5859523;GSM5859524;GSM5859525;GSM5859526;GSM5859527;GSM5859528;GSM5859529;GSM5859530;GSM5859531;GSM5859532;GSM5859533;GSM5859534;GSM5859535;GSM5859536;GSM5859537;GSM5859538;GSM5859539;GSM5859540;GSM5859541;GSM5859542;GSM5859543;GSM5859544;GSM5859545;GSM5859546;GSM5859547;GSM5859548;GSM5859549;GSM5859550;GSM5859551;GSM5859552;GSM5859553;GSM5859554;GSM5859555;GSM5859556;GSM5859557;GSM5859558;GSM5859559;GSM5859560;GSM5859561;GSM5859562;GSM5859563;GSM5859564;GSM5859565;GSM5859566;GSM5859567;GSM5859568;GSM5859569;GSM5859570;GSM5859571;GSM5859572;GSM5859573;GSM5859574;GSM5859575;GSM5859576;GSM5859577;GSM5859578;GSM5859579;GSM5859580;GSM5859581;GSM5859582;GSM5859583;GSM5859584;GSM5859585;GSM5859586;GSM5859587;GSM5859588;GSM5859589;GSM5859590;GSM5859591;GSM5859592;GSM5859593;GSM5859594;GSM5859595;GSM5859596;GSM5859597;GSM5859598;GSM5859599;GSM5859600;GSM5859601;GSM5859602;GSM5859603;GSM5859604;GSM5859605;GSM5859606;GSM5859607;GSM5859608;GSM5859609;GSM5859610;GSM5859611;GSM5859612;GSM5859613;GSM5859614;GSM5859615;GSM5859616;GSM5859617;GSM5859618;GSM5859619;GSM5859620;GSM5859621;GSM5859622;GSM5859623;GSM5859624;GSM5859625;GSM5859626;GSM5859627;GSM5859628;GSM5859629;GSM5859630;GSM5859631;GSM5859632;GSM5859633;GSM5859634;GSM5859635;GSM5859636;GSM5859637;GSM5859638;GSM5859639;GSM5859640;GSM5859641;GSM5859642;GSM5859643;GSM5859644;GSM5859645;GSM5859646;GSM5859647;GSM5859648;GSM5859649;GSM5859650;GSM5859651;GSM5859652;GSM5859653;GSM5859654;GSM5859655;GSM5859656;GSM5859657;GSM5859658;GSM5859659;GSM5859660;GSM5859661;GSM5859662;GSM5859663;GSM5859664;GSM5859665;GSM5859666;GSM5859667;GSM5859668;GSM5859669;GSM5859670;GSM5859671;GSM5859672;GSM5859673;GSM5859674;GSM5859675;GSM5859676;GSM5859677;GSM5859678;GSM5859679;GSM5859680;GSM5859681;GSM5859682;GSM5859683;GSM5859684;GSM5859685;GSM5859686;GSM5859687;GSM5859688;GSM5859689;GSM5859690;GSM5859691;GSM5859692;GSM5859693;GSM5859694;GSM5859695;GSM5859696;GSM5859697;GSM5859698;GSM5859699;GSM5859700;GSM5859701;GSM5859702;GSM5859703;GSM5859704;GSM5859705;GSM5859706;GSM5859707;GSM5859708;GSM5859709;GSM5859710;GSM5859711;GSM5859712;GSM5859713;GSM5859714;GSM5859715;GSM5859716;GSM5859717;GSM5859718;GSM5859719;GSM5859720;GSM5859721;GSM5859722;GSM5859723;GSM5859724;GSM5859725;GSM5859726;GSM5859727;GSM5859728;GSM5859729;GSM5859730;GSM5859731;GSM5859732;GSM5859733;GSM5859734;GSM5859735;GSM5859736;GSM5859737;GSM5859738;GSM5859739;GSM5859740;GSM5859741;GSM5859742;GSM5859743;GSM5859744;GSM5859745;GSM5859746;GSM5859747;GSM5859748;GSM5859749;GSM5859750;GSM5859751;GSM5859752;GSM5859753;GSM5859754;GSM5859755;GSM5859756;GSM5859757;GSM5859758;GSM5859759;GSM5859760;GSM5859761;GSM5859762;GSM5859763;GSM5859764;GSM5859765;GSM5859766;GSM5859767;GSM5859768;GSM5859769;GSM5859770;GSM5859771;GSM5859772;GSM5859773;GSM5859774;GSM5859775;GSM5859776;GSM5859777;GSM5859778;GSM5859779;GSM5859780;GSM5859781;GSM5859782;GSM5859783;GSM5859784;GSM5859785;GSM5859786;GSM5859787;GSM5859788;GSM5859789;GSM5859790;GSM5859791;GSM5859792;GSM5859793;GSM5859794;GSM5859795;GSM5859796;GSM5859797;GSM5859798;GSM5859799;GSM5859800;GSM5859801;GSM5859802;GSM5859803;GSM5859804;GSM5859805;GSM5859806;GSM5859807;GSM5859808;GSM5859809;GSM5859810;GSM5859811;GSM5859812;GSM5859813;GSM5859814;GSM5859815;GSM5859816;GSM5859817;GSM5859818;GSM5859819;GSM5859820;GSM5859821;GSM5859822;GSM5859823;GSM5859824;GSM5859825;GSM5859826;GSM5859827;GSM5859828;GSM5859829;GSM5859830;GSM5859831;GSM5859832;GSM5859833;GSM5859834;GSM5859835;GSM5859836;GSM5859837;GSM5859838;GSM5859839;GSM5859840;GSM5859841;GSM5859842;GSM5859843;GSM5859844;GSM5859845;GSM5859846;GSM5859847;GSM5859848;GSM5859849;GSM5859850;GSM5859851;GSM5859852;GSM5859853;GSM5859854;GSM5859855;GSM5859856;GSM5859857;GSM5859858;GSM5859859;GSM5859860;GSM5859861;GSM5859862;GSM5859863;GSM5859864;GSM5859865;GSM5859866;GSM5859867;GSM5859868;GSM5859869;GSM5859870;GSM5859871;GSM5859872;GSM5859873;GSM5859874;GSM5859875;GSM5859876;GSM5859877;GSM5859878;GSM5859879;GSM5859880;GSM5859881;GSM5859882;GSM5859883;GSM5859884;GSM5859885;GSM5859886;GSM5859887;GSM5859888;GSM5859889;GSM5859890;GSM5859891;GSM5859892;GSM5859893;GSM5859894;GSM5859895;GSM5859896;GSM5859897;GSM5859898;GSM5859899;GSM5859900;GSM5859901;GSM5859902;GSM5859903;GSM5859904;GSM5859905;GSM5859906;GSM5859907;GSM5859908;GSM5859909;GSM5859910;GSM5859911;GSM5859912;GSM5859913;GSM5859914;GSM5859915;GSM5859916;GSM5859917;GSM5859918;GSM5859919;GSM5859920;GSM5859921;GSM5859922;GSM5859923;GSM5859924;GSM5859925;GSM5859926;GSM5859927;GSM5859928;GSM5859929;GSM5859930;GSM5859931;GSM5859932;GSM5859933;GSM5859934;GSM5859935;GSM5859936;GSM5859937;GSM5859938;GSM5859939;GSM5859940;GSM5859941;GSM5859942;GSM5859943;GSM5859944;GSM5859945;GSM5859946;GSM5859947;GSM5859948;GSM5859949;GSM5859950;GSM5859951;GSM5859952;GSM5859953;GSM5859954;GSM5859955;GSM5859956;GSM5859957;GSM5859958;GSM5859959;GSM5859960;GSM5859961;GSM5859962;GSM5859963;GSM5859964;GSM5859965;GSM5859966;GSM5859967;GSM5859968
GSE10893,GSE18229,319,504,372,0.857527,0.572711,near_containment,,"Basal-like Breast Cancer DNA copy number losses identify genes involved in genomic instability, response to therapy, and patient survival",Phenotypic and Molecular Characterization of the Claudin-low Intrinsic Subtype of Breast Cancer,GSM141001;GSM141002;GSM141008;GSM141017;GSM141022;GSM141086;GSM141090;GSM141092;GSM141093;GSM141094;GSM141095;GSM141098;GSM141099;GSM141100;GSM141101;GSM141102;GSM141103;GSM141105;GSM141106;GSM141107;GSM141108;GSM141111;GSM141113;GSM141114;GSM141115;GSM141117;GSM141118;GSM275782;GSM275783;GSM275784;GSM275806;GSM275808;GSM275814;GSM275815;GSM275818;GSM275824;GSM275827;GSM275831;GSM275836;GSM275838;GSM275845;GSM275849;GSM275851;GSM275855;GSM275856;GSM275861;GSM275862;GSM275864;GSM275871;GSM275872;GSM275874;GSM275884;GSM275892;GSM275899;GSM275907;GSM275919;GSM275920;GSM275921;GSM275922;GSM275923;GSM275924;GSM275925;GSM275926;GSM275927;GSM275928;GSM275929;GSM275930;GSM34423;GSM34424;GSM34425;GSM34426;GSM34427;GSM34428;GSM34429;GSM34430;GSM34431;GSM34432;GSM34433;GSM34434;GSM34435;GSM34436;GSM34437;GSM34438;GSM34439;GSM34440;GSM34441;GSM34442;GSM34443;GSM34444;GSM34446;GSM34447;GSM34448;GSM34449;GSM34450;GSM34451;GSM34452;GSM34453;GSM34454;GSM34455;GSM34456;GSM34457;GSM34458;GSM34459;GSM34460;GSM34461;GSM34462;GSM34463;GSM34464;GSM34465;GSM34466;GSM34467;GSM34469;GSM34470;GSM34471;GSM34472;GSM34473;GSM34474;GSM34475;GSM34476;GSM34477;GSM34478;GSM34479;GSM34480;GSM34481;GSM34482;GSM34483;GSM34484;GSM34485;GSM34486;GSM34487;GSM34488;GSM34489;GSM34490;GSM34491;GSM34492;GSM34494;GSM34495;GSM34496;GSM34497;GSM34498;GSM34499;GSM34501;GSM34503;GSM34504;GSM34505;GSM34506;GSM34507;GSM34508;GSM34509;GSM34510;GSM34511;GSM34512;GSM34513;GSM34514;GSM34515;GSM34516;GSM34517;GSM34518;GSM34519;GSM34520;GSM34521;GSM34523;GSM34524;GSM34525;GSM34526;GSM34527;GSM34528;GSM34529;GSM34530;GSM34531;GSM34532;GSM34533;GSM34534;GSM34535;GSM34536;GSM34537;GSM34538;GSM34539;GSM34540;GSM34541;GSM34542;GSM34543;GSM34544;GSM34545;GSM34546;GSM34547;GSM34548;GSM34549;GSM34550;GSM34551;GSM34552;GSM34553;GSM34554;GSM34556;GSM34557;GSM34558;GSM34559;GSM34560;GSM34561;GSM34562;GSM34563;GSM34565;GSM34566;GSM34567;GSM34568;GSM372539;GSM372540;GSM372541;GSM372558;GSM372559;GSM372560;GSM372561;GSM372562;GSM372563;GSM373115;GSM373116;GSM373117;GSM373118;GSM373119;GSM373120;GSM373121;GSM373122;GSM373124;GSM373126;GSM373127;GSM373128;GSM373129;GSM50135;GSM50148;GSM50149;GSM50154;GSM52882;GSM52883;GSM52884;GSM52885;GSM52886;GSM52887;GSM52888;GSM52889;GSM52890;GSM52891;GSM52892;GSM52893;GSM52894;GSM52895;GSM52896;GSM52913;GSM52917;GSM52919;GSM52921;GSM53474;GSM53475;GSM53476;GSM53477;GSM53478;GSM53479;GSM53480;GSM53481;GSM53482;GSM53483;GSM53484;GSM53485;GSM53486;GSM80213;GSM80214;GSM80215;GSM80216;GSM80217;GSM80218;GSM80219;GSM80220;GSM80221;GSM80222;GSM80223;GSM80225;GSM80226;GSM80227;GSM80228;GSM80229;GSM80230;GSM80231;GSM80232;GSM80233;GSM80234;GSM80235;GSM80236;GSM80237;GSM80238;GSM80239;GSM80241;GSM80243;GSM80244;GSM80245;GSM80246;GSM81164;GSM81165;GSM81166;GSM81167;GSM81168;GSM81169;GSM81170;GSM81171;GSM81172;GSM81173;GSM81174;GSM81175;GSM81176;GSM81177;GSM81178;GSM81179;GSM81180;GSM81181;GSM81182;GSM81183;GSM81184;GSM81185;GSM81186;GSM81187;GSM81188
GSE18229,GSE26338,319,372,414,0.857527,0.683084,near_containment,,Phenotypic and Molecular Characterization of the Claudin-low Intrinsic Subtype of Breast Cancer,"Genomic analysis identifies unique signatures predictive of brain, lung, and liver relapse",GSM140999;GSM141000;GSM141001;GSM141002;GSM141008;GSM141017;GSM141022;GSM141086;GSM141090;GSM141091;GSM141092;GSM141093;GSM141094;GSM141095;GSM141096;GSM141097;GSM141098;GSM141099;GSM141100;GSM141101;GSM141102;GSM141103;GSM141104;GSM141105;GSM141106;GSM141107;GSM141108;GSM141109;GSM141110;GSM141111;GSM141113;GSM141114;GSM141115;GSM141117;GSM141118;GSM141119;GSM141120;GSM141121;GSM275694;GSM275782;GSM275783;GSM275784;GSM275806;GSM275808;GSM275814;GSM275815;GSM275818;GSM275824;GSM275827;GSM275831;GSM275836;GSM275838;GSM275845;GSM275849;GSM275851;GSM275855;GSM275856;GSM275861;GSM275862;GSM275864;GSM275871;GSM275872;GSM275874;GSM275884;GSM275892;GSM275899;GSM275907;GSM275908;GSM275919;GSM275920;GSM275921;GSM275922;GSM275923;GSM275924;GSM275925;GSM275926;GSM275927;GSM275928;GSM275929;GSM275930;GSM34423;GSM34424;GSM34425;GSM34426;GSM34427;GSM34428;GSM34429;GSM34430;GSM34431;GSM34432;GSM34433;GSM34434;GSM34435;GSM34436;GSM34437;GSM34438;GSM34439;GSM34440;GSM34441;GSM34442;GSM34444;GSM34446;GSM34447;GSM34448;GSM34449;GSM34450;GSM34451;GSM34452;GSM34453;GSM34454;GSM34455;GSM34456;GSM34457;GSM34458;GSM34459;GSM34460;GSM34461;GSM34462;GSM34463;GSM34464;GSM34465;GSM34469;GSM34470;GSM34471;GSM34472;GSM34474;GSM34475;GSM34476;GSM34477;GSM34478;GSM34479;GSM34480;GSM34481;GSM34482;GSM34483;GSM34484;GSM34486;GSM34487;GSM34488;GSM34490;GSM34491;GSM34492;GSM34494;GSM34495;GSM34496;GSM34497;GSM34498;GSM34499;GSM34501;GSM34503;GSM34504;GSM34505;GSM34506;GSM34507;GSM34508;GSM34509;GSM34510;GSM34511;GSM34512;GSM34514;GSM34515;GSM34516;GSM34517;GSM34518;GSM34519;GSM34520;GSM34521;GSM34523;GSM34524;GSM34525;GSM34526;GSM34527;GSM34528;GSM34529;GSM34530;GSM34531;GSM34532;GSM34534;GSM34535;GSM34536;GSM34538;GSM34539;GSM34540;GSM34541;GSM34542;GSM34543;GSM34544;GSM34545;GSM34546;GSM34547;GSM34548;GSM34549;GSM34550;GSM34551;GSM34552;GSM34553;GSM34554;GSM34556;GSM34557;GSM34558;GSM34559;GSM34560;GSM34561;GSM34562;GSM34563;GSM34565;GSM34566;GSM34567;GSM372539;GSM372540;GSM372541;GSM372558;GSM372559;GSM372560;GSM372561;GSM372562;GSM372563;GSM373115;GSM373116;GSM373117;GSM373118;GSM373119;GSM373120;GSM373121;GSM373122;GSM373124;GSM373126;GSM373127;GSM373128;GSM373129;GSM501245;GSM50135;GSM50148;GSM50149;GSM50154;GSM50157;GSM52882;GSM52885;GSM52886;GSM52887;GSM52888;GSM52889;GSM52890;GSM52891;GSM52892;GSM52893;GSM52894;GSM52913;GSM52917;GSM52919;GSM52921;GSM53474;GSM53475;GSM53476;GSM53477;GSM53478;GSM53479;GSM53480;GSM53481;GSM53482;GSM53483;GSM53484;GSM53485;GSM53486;GSM80213;GSM80214;GSM80215;GSM80216;GSM80217;GSM80218;GSM80219;GSM80220;GSM80221;GSM80222;GSM80225;GSM80226;GSM80227;GSM80228;GSM80229;GSM80230;GSM80231;GSM80232;GSM80233;GSM80234;GSM80235;GSM80236;GSM80237;GSM80238;GSM80239;GSM80241;GSM80243;GSM80244;GSM80245;GSM80246;GSM81164;GSM81165;GSM81166;GSM81167;GSM81168;GSM81169;GSM81170;GSM81171;GSM81172;GSM81173;GSM81174;GSM81175;GSM81176;GSM81177;GSM81178;GSM81179;GSM81180;GSM81181;GSM81182;GSM81183;GSM81184;GSM81185;GSM81186;GSM81187;GSM81188
GSE25055,GSE25066,310,310,508,1.0,0.610236,complete_containment,21558518;36293478,Discovery cohort for genomic predictor of response and survival following neoadjuvant taxane-anthracycline chemotherapy in breast cancer,Genomic predictor of response and survival following neoadjuvant taxane-anthracycline chemotherapy in breast cancer,GSM615096;GSM615097;GSM615098;GSM615099;GSM615100;GSM615101;GSM615102;GSM615103;GSM615104;GSM615105;GSM615106;GSM615107;GSM615108;GSM615109;GSM615110;GSM615111;GSM615112;GSM615113;GSM615114;GSM615115;GSM615116;GSM615117;GSM615118;GSM615119;GSM615120;GSM615121;GSM615122;GSM615123;GSM615124;GSM615125;GSM615126;GSM615127;GSM615128;GSM615129;GSM615130;GSM615131;GSM615132;GSM615133;GSM615134;GSM615135;GSM615136;GSM615137;GSM615138;GSM615139;GSM615140;GSM615141;GSM615142;GSM615143;GSM615144;GSM615145;GSM615146;GSM615147;GSM615148;GSM615149;GSM615150;GSM615151;GSM615152;GSM615153;GSM615154;GSM615155;GSM615156;GSM615157;GSM615158;GSM615159;GSM615160;GSM615161;GSM615162;GSM615163;GSM615164;GSM615165;GSM615166;GSM615167;GSM615168;GSM615169;GSM615170;GSM615171;GSM615172;GSM615173;GSM615174;GSM615175;GSM615176;GSM615177;GSM615178;GSM615179;GSM615180;GSM615181;GSM615182;GSM615183;GSM615184;GSM615185;GSM615186;GSM615187;GSM615188;GSM615189;GSM615190;GSM615191;GSM615192;GSM615193;GSM615194;GSM615195;GSM615196;GSM615197;GSM615198;GSM615199;GSM615200;GSM615201;GSM615202;GSM615203;GSM615204;GSM615205;GSM615206;GSM615207;GSM615208;GSM615209;GSM615210;GSM615211;GSM615212;GSM615213;GSM615214;GSM615215;GSM615216;GSM615217;GSM615218;GSM615219;GSM615220;GSM615221;GSM615222;GSM615223;GSM615224;GSM615225;GSM615226;GSM615227;GSM615228;GSM615229;GSM615230;GSM615231;GSM615232;GSM615233;GSM615234;GSM615235;GSM615236;GSM615237;GSM615238;GSM615239;GSM615240;GSM615241;GSM615242;GSM615243;GSM615244;GSM615245;GSM615246;GSM615247;GSM615248;GSM615249;GSM615250;GSM615251;GSM615252;GSM615253;GSM615254;GSM615255;GSM615256;GSM615257;GSM615258;GSM615259;GSM615260;GSM615261;GSM615262;GSM615263;GSM615264;GSM615265;GSM615266;GSM615267;GSM615268;GSM615269;GSM615270;GSM615271;GSM615272;GSM615273;GSM615274;GSM615275;GSM615276;GSM615277;GSM615278;GSM615279;GSM615280;GSM615281;GSM615282;GSM615283;GSM615284;GSM615285;GSM615286;GSM615287;GSM615288;GSM615289;GSM615290;GSM615291;GSM615292;GSM615293;GSM615294;GSM615295;GSM615296;GSM615297;GSM615298;GSM615299;GSM615300;GSM615301;GSM615302;GSM615303;GSM615304;GSM615305;GSM615306;GSM615307;GSM615308;GSM615309;GSM615310;GSM615311;GSM615312;GSM615313;GSM615314;GSM615315;GSM615316;GSM615317;GSM615318;GSM615319;GSM615320;GSM615321;GSM615322;GSM615323;GSM615324;GSM615325;GSM615326;GSM615327;GSM615328;GSM615329;GSM615330;GSM615331;GSM615332;GSM615333;GSM615334;GSM615335;GSM615336;GSM615337;GSM615338;GSM615339;GSM615340;GSM615341;GSM615342;GSM615343;GSM615344;GSM615345;GSM615346;GSM615347;GSM615348;GSM615349;GSM615350;GSM615351;GSM615352;GSM615353;GSM615354;GSM615355;GSM615356;GSM615357;GSM615358;GSM615359;GSM615360;GSM615361;GSM615362;GSM615363;GSM615364;GSM615365;GSM615366;GSM615367;GSM615368;GSM615369;GSM615370;GSM615371;GSM615372;GSM615373;GSM615374;GSM615375;GSM615376;GSM615377;GSM615378;GSM615379;GSM615380;GSM615381;GSM615382;GSM615383;GSM615384;GSM615385;GSM615386;GSM615387;GSM615388;GSM615389;GSM615390;GSM615391;GSM615392;GSM615393;GSM615394;GSM615395;GSM615396;GSM615397;GSM615398;GSM615399;GSM615400;GSM615401;GSM615402;GSM615403;GSM615404;GSM615405
GSE10893,GSE26338,307,504,414,0.741546,0.502455,partial_overlap,,"Basal-like Breast Cancer DNA copy number losses identify genes involved in genomic instability, response to therapy, and patient survival","Genomic analysis identifies unique signatures predictive of brain, lung, and liver relapse",GSM141001;GSM141002;GSM141008;GSM141017;GSM141022;GSM141086;GSM141090;GSM141092;GSM141093;GSM141094;GSM141095;GSM141098;GSM141099;GSM141100;GSM141101;GSM141102;GSM141103;GSM141105;GSM141106;GSM141107;GSM141108;GSM141111;GSM141113;GSM141114;GSM141115;GSM141117;GSM141118;GSM275775;GSM275782;GSM275783;GSM275784;GSM275806;GSM275808;GSM275814;GSM275815;GSM275818;GSM275824;GSM275827;GSM275831;GSM275836;GSM275838;GSM275845;GSM275849;GSM275851;GSM275855;GSM275856;GSM275861;GSM275862;GSM275864;GSM275871;GSM275872;GSM275874;GSM275884;GSM275892;GSM275899;GSM275907;GSM275919;GSM275920;GSM275921;GSM275922;GSM275923;GSM275924;GSM275925;GSM275926;GSM275927;GSM275928;GSM275929;GSM275930;GSM34423;GSM34424;GSM34425;GSM34426;GSM34427;GSM34428;GSM34429;GSM34430;GSM34431;GSM34432;GSM34433;GSM34434;GSM34435;GSM34436;GSM34437;GSM34438;GSM34439;GSM34440;GSM34441;GSM34442;GSM34444;GSM34446;GSM34447;GSM34448;GSM34449;GSM34450;GSM34451;GSM34452;GSM34453;GSM34454;GSM34455;GSM34456;GSM34457;GSM34458;GSM34459;GSM34460;GSM34461;GSM34462;GSM34463;GSM34464;GSM34465;GSM34469;GSM34470;GSM34471;GSM34472;GSM34474;GSM34475;GSM34476;GSM34477;GSM34478;GSM34479;GSM34480;GSM34481;GSM34482;GSM34483;GSM34484;GSM34486;GSM34487;GSM34488;GSM34490;GSM34491;GSM34492;GSM34494;GSM34495;GSM34496;GSM34497;GSM34498;GSM34499;GSM34501;GSM34503;GSM34504;GSM34505;GSM34506;GSM34507;GSM34508;GSM34509;GSM34510;GSM34511;GSM34512;GSM34514;GSM34515;GSM34516;GSM34517;GSM34518;GSM34519;GSM34520;GSM34521;GSM34523;GSM34524;GSM34525;GSM34526;GSM34527;GSM34528;GSM34529;GSM34530;GSM34531;GSM34532;GSM34534;GSM34535;GSM34536;GSM34538;GSM34539;GSM34540;GSM34541;GSM34542;GSM34543;GSM34544;GSM34545;GSM34546;GSM34547;GSM34548;GSM34549;GSM34550;GSM34551;GSM34552;GSM34553;GSM34554;GSM34556;GSM34557;GSM34558;GSM34559;GSM34560;GSM34561;GSM34562;GSM34563;GSM34565;GSM34566;GSM34567;GSM372539;GSM372540;GSM372541;GSM372558;GSM372559;GSM372560;GSM372561;GSM372562;GSM372563;GSM373115;GSM373116;GSM373117;GSM373118;GSM373119;GSM373120;GSM373121;GSM373122;GSM373123;GSM373124;GSM373125;GSM373126;GSM373127;GSM373128;GSM373129;GSM50135;GSM50148;GSM50149;GSM50154;GSM52882;GSM52885;GSM52886;GSM52887;GSM52888;GSM52889;GSM52890;GSM52891;GSM52892;GSM52893;GSM52894;GSM52913;GSM52917;GSM52919;GSM52921;GSM53474;GSM53475;GSM53476;GSM53477;GSM53478;GSM53479;GSM53480;GSM53481;GSM53482;GSM53483;GSM53484;GSM53485;GSM53486;GSM80213;GSM80214;GSM80215;GSM80216;GSM80217;GSM80218;GSM80219;GSM80220;GSM80221;GSM80222;GSM80225;GSM80226;GSM80227;GSM80228;GSM80229;GSM80230;GSM80231;GSM80232;GSM80233;GSM80234;GSM80235;GSM80236;GSM80237;GSM80238;GSM80239;GSM80241;GSM80243;GSM80244;GSM80245;GSM80246;GSM81164;GSM81165;GSM81166;GSM81167;GSM81168;GSM81169;GSM81170;GSM81171;GSM81172;GSM81173;GSM81174;GSM81175;GSM81176;GSM81177;GSM81178;GSM81179;GSM81180;GSM81181;GSM81182;GSM81183;GSM81184;GSM81185;GSM81186;GSM81187;GSM81188
GSE16716,GSE20194,278,1343,278,1.0,0.206999,complete_containment,20064235;20676074,MicroArray Quality Control Phase II (MAQC-II) Project,MAQC-II Project: human breast cancer (BR) data set,GSM505327;GSM505328;GSM505329;GSM505330;GSM505331;GSM505333;GSM505334;GSM505335;GSM505336;GSM505337;GSM505338;GSM505339;GSM505340;GSM505341;GSM505342;GSM505343;GSM505344;GSM505345;GSM505346;GSM505347;GSM505348;GSM505349;GSM505350;GSM505351;GSM505352;GSM505353;GSM505354;GSM505355;GSM505356;GSM505357;GSM505358;GSM505359;GSM505360;GSM505361;GSM505362;GSM505363;GSM505364;GSM505365;GSM505366;GSM505367;GSM505368;GSM505369;GSM505370;GSM505371;GSM505372;GSM505373;GSM505374;GSM505375;GSM505376;GSM505377;GSM505378;GSM505379;GSM505380;GSM505381;GSM505382;GSM505383;GSM505384;GSM505385;GSM505386;GSM505387;GSM505388;GSM505389;GSM505390;GSM505391;GSM505392;GSM505393;GSM505394;GSM505395;GSM505396;GSM505397;GSM505398;GSM505399;GSM505400;GSM505401;GSM505402;GSM505403;GSM505404;GSM505405;GSM505406;GSM505407;GSM505408;GSM505409;GSM505410;GSM505411;GSM505412;GSM505413;GSM505414;GSM505415;GSM505416;GSM505417;GSM505418;GSM505419;GSM505420;GSM505421;GSM505422;GSM505423;GSM505424;GSM505425;GSM505426;GSM505427;GSM505428;GSM505429;GSM505430;GSM505431;GSM505432;GSM505433;GSM505434;GSM505435;GSM505436;GSM505437;GSM505438;GSM505439;GSM505440;GSM505441;GSM505442;GSM505443;GSM505444;GSM505445;GSM505446;GSM505447;GSM505448;GSM505449;GSM505450;GSM505451;GSM505452;GSM505453;GSM505454;GSM505455;GSM505456;GSM505457;GSM505458;GSM505459;GSM505460;GSM505461;GSM505462;GSM505463;GSM505464;GSM505465;GSM505466;GSM505467;GSM505468;GSM505469;GSM505470;GSM505471;GSM505472;GSM505473;GSM505474;GSM505475;GSM505476;GSM505477;GSM505478;GSM505479;GSM505480;GSM505481;GSM505482;GSM505483;GSM505484;GSM505485;GSM505486;GSM505487;GSM505488;GSM505489;GSM505490;GSM505491;GSM505492;GSM505493;GSM505494;GSM505495;GSM505496;GSM505497;GSM505498;GSM505499;GSM505500;GSM505501;GSM505502;GSM505503;GSM505504;GSM505505;GSM505506;GSM505507;GSM505508;GSM505509;GSM505510;GSM505511;GSM505512;GSM505513;GSM505514;GSM505515;GSM505516;GSM505517;GSM505518;GSM505519;GSM505520;GSM505521;GSM505522;GSM505523;GSM505524;GSM505525;GSM505526;GSM505527;GSM505528;GSM505529;GSM505530;GSM505531;GSM505532;GSM505533;GSM505534;GSM505535;GSM505536;GSM505537;GSM505538;GSM505539;GSM505540;GSM505541;GSM505542;GSM505543;GSM505544;GSM505545;GSM505546;GSM505547;GSM505548;GSM505549;GSM505550;GSM505551;GSM505552;GSM505553;GSM505554;GSM505555;GSM505556;GSM505557;GSM505558;GSM505559;GSM505560;GSM505561;GSM505562;GSM505563;GSM505564;GSM505565;GSM505566;GSM505567;GSM505568;GSM505569;GSM505570;GSM505571;GSM505572;GSM505573;GSM505574;GSM505575;GSM505576;GSM505577;GSM505578;GSM505579;GSM505580;GSM505581;GSM505582;GSM505583;GSM505584;GSM505585;GSM505586;GSM505587;GSM505588;GSM505589;GSM505590;GSM505591;GSM505592;GSM505593;GSM505594;GSM505595;GSM505596;GSM505597;GSM505598;GSM505599;GSM505600;GSM505601;GSM505602;GSM505603;GSM505604;GSM505605
GSE25065,GSE25066,198,198,508,1.0,0.389764,complete_containment,21558518;36293478,Validation cohort for genomic predictor of response and survival following neoadjuvant taxane-anthracycline chemotherapy in breast cancer,Genomic predictor of response and survival following neoadjuvant taxane-anthracycline chemotherapy in breast cancer,GSM615631;GSM615632;GSM615633;GSM615634;GSM615635;GSM615636;GSM615637;GSM615638;GSM615639;GSM615640;GSM615641;GSM615642;GSM615643;GSM615644;GSM615645;GSM615646;GSM615647;GSM615648;GSM615649;GSM615650;GSM615651;GSM615652;GSM615653;GSM615654;GSM615655;GSM615656;GSM615657;GSM615658;GSM615659;GSM615660;GSM615661;GSM615662;GSM615663;GSM615664;GSM615665;GSM615666;GSM615667;GSM615668;GSM615669;GSM615670;GSM615671;GSM615672;GSM615673;GSM615674;GSM615675;GSM615676;GSM615677;GSM615678;GSM615679;GSM615680;GSM615681;GSM615682;GSM615683;GSM615684;GSM615685;GSM615686;GSM615687;GSM615688;GSM615689;GSM615690;GSM615691;GSM615692;GSM615693;GSM615694;GSM615695;GSM615696;GSM615697;GSM615698;GSM615699;GSM615700;GSM615701;GSM615702;GSM615703;GSM615704;GSM615705;GSM615706;GSM615707;GSM615708;GSM615709;GSM615710;GSM615711;GSM615712;GSM615713;GSM615714;GSM615715;GSM615716;GSM615717;GSM615718;GSM615719;GSM615720;GSM615721;GSM615722;GSM615723;GSM615724;GSM615725;GSM615726;GSM615727;GSM615728;GSM615729;GSM615730;GSM615731;GSM615732;GSM615733;GSM615734;GSM615735;GSM615736;GSM615737;GSM615738;GSM615739;GSM615740;GSM615741;GSM615742;GSM615743;GSM615744;GSM615745;GSM615746;GSM615747;GSM615748;GSM615749;GSM615750;GSM615751;GSM615752;GSM615753;GSM615754;GSM615755;GSM615756;GSM615757;GSM615758;GSM615759;GSM615760;GSM615761;GSM615762;GSM615763;GSM615764;GSM615765;GSM615766;GSM615767;GSM615768;GSM615769;GSM615770;GSM615771;GSM615772;GSM615773;GSM615774;GSM615775;GSM615776;GSM615777;GSM615778;GSM615779;GSM615780;GSM615781;GSM615782;GSM615783;GSM615784;GSM615785;GSM615786;GSM615787;GSM615788;GSM615789;GSM615790;GSM615791;GSM615792;GSM615793;GSM615794;GSM615795;GSM615796;GSM615797;GSM615798;GSM615799;GSM615800;GSM615801;GSM615802;GSM615803;GSM615804;GSM615805;GSM615806;GSM615807;GSM615808;GSM615809;GSM615810;GSM615811;GSM615812;GSM615813;GSM615814;GSM615815;GSM615816;GSM615817;GSM615818;GSM615819;GSM615820;GSM615821;GSM615822;GSM615823;GSM615824;GSM615825;GSM615826;GSM615827;GSM615828
GSE10886,GSE20624,194,226,344,0.858407,0.515957,near_containment,,A Supervised Risk Predictor of Breast Cancer Based on Biological Subtypes,Breast Carcinomas arising at a Young Age:  A Unique Biology or a Surrogate for Aggressive Intrinsic Subtypes.,GSM140986;GSM140999;GSM141001;GSM141002;GSM141070;GSM141071;GSM141075;GSM141076;GSM141077;GSM141079;GSM141081;GSM141084;GSM141085;GSM141088;GSM141092;GSM141097;GSM141098;GSM141099;GSM141102;GSM141105;GSM141108;GSM141110;GSM141114;GSM141117;GSM141118;GSM141121;GSM275770;GSM275771;GSM275773;GSM275782;GSM275783;GSM275788;GSM275789;GSM275790;GSM275791;GSM275792;GSM275793;GSM275794;GSM275795;GSM275796;GSM275797;GSM275800;GSM275801;GSM275802;GSM275803;GSM275804;GSM275805;GSM275807;GSM275808;GSM275809;GSM275810;GSM275811;GSM275812;GSM275813;GSM275814;GSM275815;GSM275816;GSM275817;GSM275818;GSM275819;GSM275820;GSM275821;GSM275822;GSM275823;GSM275824;GSM275825;GSM275826;GSM275827;GSM275828;GSM275829;GSM275830;GSM275831;GSM275832;GSM275833;GSM275834;GSM275835;GSM275836;GSM275837;GSM275838;GSM275839;GSM275840;GSM275841;GSM275842;GSM275843;GSM275844;GSM275845;GSM275846;GSM275847;GSM275848;GSM275849;GSM275850;GSM275851;GSM275852;GSM275854;GSM275855;GSM275856;GSM275857;GSM275858;GSM275859;GSM275860;GSM275861;GSM275862;GSM275863;GSM275864;GSM275865;GSM275866;GSM275867;GSM275871;GSM275872;GSM275873;GSM275874;GSM275875;GSM275876;GSM275877;GSM275878;GSM275879;GSM275880;GSM275881;GSM275882;GSM275883;GSM275884;GSM275885;GSM275886;GSM275887;GSM275888;GSM275889;GSM275890;GSM275891;GSM275892;GSM275893;GSM275894;GSM275895;GSM275896;GSM275897;GSM275898;GSM275899;GSM275900;GSM275901;GSM275902;GSM275903;GSM275904;GSM275905;GSM275906;GSM275907;GSM275908;GSM275909;GSM34428;GSM34431;GSM34437;GSM34446;GSM34448;GSM34450;GSM34451;GSM34455;GSM34459;GSM34469;GSM34474;GSM34475;GSM34481;GSM34488;GSM34497;GSM34508;GSM34510;GSM34511;GSM34523;GSM34527;GSM34528;GSM34530;GSM34531;GSM34532;GSM34541;GSM34544;GSM34548;GSM34549;GSM34550;GSM34552;GSM34553;GSM34556;GSM34557;GSM34559;GSM34562;GSM34565;GSM34567;GSM50148;GSM50154;GSM50157;GSM52886;GSM52891;GSM52895;GSM53474;GSM53475;GSM53476;GSM53477;GSM80221
GSE20624,GSE26338,192,344,414,0.55814,0.339223,partial_overlap,,Breast Carcinomas arising at a Young Age:  A Unique Biology or a Surrogate for Aggressive Intrinsic Subtypes.,"Genomic analysis identifies unique signatures predictive of brain, lung, and liver relapse",GSM140974;GSM140983;GSM140986;GSM140987;GSM140994;GSM140999;GSM141001;GSM141002;GSM141017;GSM141022;GSM141033;GSM141075;GSM141084;GSM141086;GSM141088;GSM141090;GSM141091;GSM141092;GSM141097;GSM141098;GSM141099;GSM141101;GSM141102;GSM141103;GSM141105;GSM141106;GSM141108;GSM141109;GSM141110;GSM141114;GSM141115;GSM141117;GSM141118;GSM141121;GSM275782;GSM275783;GSM275808;GSM275814;GSM275815;GSM275818;GSM275824;GSM275827;GSM275831;GSM275836;GSM275838;GSM275845;GSM275849;GSM275851;GSM275855;GSM275856;GSM275861;GSM275862;GSM275864;GSM275871;GSM275872;GSM275874;GSM275884;GSM275892;GSM275899;GSM275907;GSM275908;GSM34424;GSM34428;GSM34431;GSM34432;GSM34433;GSM34435;GSM34437;GSM34444;GSM34445;GSM34446;GSM34447;GSM34448;GSM34450;GSM34451;GSM34453;GSM34455;GSM34458;GSM34459;GSM34460;GSM34462;GSM34463;GSM34469;GSM34474;GSM34475;GSM34479;GSM34481;GSM34486;GSM34487;GSM34488;GSM34494;GSM34495;GSM34497;GSM34504;GSM34505;GSM34508;GSM34510;GSM34511;GSM34519;GSM34521;GSM34523;GSM34527;GSM34528;GSM34530;GSM34531;GSM34532;GSM34534;GSM34536;GSM34538;GSM34539;GSM34541;GSM34542;GSM34543;GSM34544;GSM34545;GSM34546;GSM34548;GSM34549;GSM34550;GSM34551;GSM34552;GSM34553;GSM34554;GSM34555;GSM34556;GSM34557;GSM34558;GSM34559;GSM34560;GSM34562;GSM34563;GSM34565;GSM34567;GSM50135;GSM50148;GSM50149;GSM50154;GSM50157;GSM52885;GSM52886;GSM52887;GSM52888;GSM52889;GSM52890;GSM52891;GSM52892;GSM52893;GSM52894;GSM52919;GSM53474;GSM53475;GSM53476;GSM53477;GSM53478;GSM53479;GSM53480;GSM53481;GSM53482;GSM53483;GSM53484;GSM53485;GSM53486;GSM80214;GSM80215;GSM80216;GSM80217;GSM80218;GSM80219;GSM80220;GSM80221;GSM80222;GSM80225;GSM80226;GSM80227;GSM80228;GSM80229;GSM80230;GSM80232;GSM80233;GSM80234;GSM80235;GSM80243;GSM81165;GSM81166;GSM81167;GSM81169;GSM81171;GSM81173;GSM81175;GSM81176;GSM81177;GSM81185
GSE18229,GSE20624,184,372,344,0.534884,0.345865,partial_overlap,,Phenotypic and Molecular Characterization of the Claudin-low Intrinsic Subtype of Breast Cancer,Breast Carcinomas arising at a Young Age:  A Unique Biology or a Surrogate for Aggressive Intrinsic Subtypes.,GSM140999;GSM141001;GSM141002;GSM141017;GSM141022;GSM141086;GSM141090;GSM141091;GSM141092;GSM141097;GSM141098;GSM141099;GSM141101;GSM141102;GSM141103;GSM141105;GSM141106;GSM141108;GSM141109;GSM141110;GSM141114;GSM141115;GSM141117;GSM141118;GSM141121;GSM275782;GSM275783;GSM275808;GSM275814;GSM275815;GSM275818;GSM275824;GSM275827;GSM275831;GSM275836;GSM275838;GSM275845;GSM275849;GSM275851;GSM275855;GSM275856;GSM275861;GSM275862;GSM275864;GSM275871;GSM275872;GSM275874;GSM275884;GSM275892;GSM275899;GSM275907;GSM275908;GSM34424;GSM34428;GSM34431;GSM34432;GSM34433;GSM34435;GSM34437;GSM34444;GSM34446;GSM34447;GSM34448;GSM34450;GSM34451;GSM34453;GSM34455;GSM34458;GSM34459;GSM34460;GSM34462;GSM34463;GSM34469;GSM34473;GSM34474;GSM34475;GSM34479;GSM34481;GSM34486;GSM34487;GSM34488;GSM34494;GSM34495;GSM34497;GSM34504;GSM34505;GSM34508;GSM34510;GSM34511;GSM34519;GSM34521;GSM34523;GSM34527;GSM34528;GSM34530;GSM34531;GSM34532;GSM34534;GSM34536;GSM34537;GSM34538;GSM34539;GSM34541;GSM34542;GSM34543;GSM34544;GSM34545;GSM34546;GSM34548;GSM34549;GSM34550;GSM34551;GSM34552;GSM34553;GSM34554;GSM34556;GSM34557;GSM34558;GSM34559;GSM34560;GSM34562;GSM34563;GSM34565;GSM34567;GSM50135;GSM50148;GSM50149;GSM50154;GSM50157;GSM52885;GSM52886;GSM52887;GSM52888;GSM52889;GSM52890;GSM52891;GSM52892;GSM52893;GSM52894;GSM52895;GSM52919;GSM53474;GSM53475;GSM53476;GSM53477;GSM53478;GSM53479;GSM53480;GSM53481;GSM53482;GSM53483;GSM53484;GSM53485;GSM53486;GSM80214;GSM80215;GSM80216;GSM80217;GSM80218;GSM80219;GSM80220;GSM80221;GSM80222;GSM80225;GSM80226;GSM80227;GSM80228;GSM80229;GSM80230;GSM80232;GSM80233;GSM80234;GSM80235;GSM80243;GSM81165;GSM81166;GSM81167;GSM81169;GSM81171;GSM81173;GSM81175;GSM81176;GSM81177;GSM81185
GSE10893,GSE20624,176,504,344,0.511628,0.261905,partial_overlap,,"Basal-like Breast Cancer DNA copy number losses identify genes involved in genomic instability, response to therapy, and patient survival",Breast Carcinomas arising at a Young Age:  A Unique Biology or a Surrogate for Aggressive Intrinsic Subtypes.,GSM141001;GSM141002;GSM141017;GSM141022;GSM141086;GSM141090;GSM141092;GSM141098;GSM141099;GSM141101;GSM141102;GSM141103;GSM141105;GSM141106;GSM141108;GSM141114;GSM141115;GSM141117;GSM141118;GSM275782;GSM275783;GSM275808;GSM275814;GSM275815;GSM275818;GSM275824;GSM275827;GSM275831;GSM275836;GSM275838;GSM275845;GSM275849;GSM275851;GSM275855;GSM275856;GSM275861;GSM275862;GSM275864;GSM275871;GSM275872;GSM275874;GSM275884;GSM275892;GSM275899;GSM275907;GSM34424;GSM34428;GSM34431;GSM34432;GSM34433;GSM34435;GSM34437;GSM34444;GSM34446;GSM34447;GSM34448;GSM34450;GSM34451;GSM34453;GSM34455;GSM34458;GSM34459;GSM34460;GSM34462;GSM34463;GSM34469;GSM34473;GSM34474;GSM34475;GSM34479;GSM34481;GSM34486;GSM34487;GSM34488;GSM34494;GSM34495;GSM34497;GSM34504;GSM34505;GSM34508;GSM34510;GSM34511;GSM34519;GSM34521;GSM34523;GSM34527;GSM34528;GSM34530;GSM34531;GSM34532;GSM34534;GSM34536;GSM34537;GSM34538;GSM34539;GSM34541;GSM34542;GSM34543;GSM34544;GSM34545;GSM34546;GSM34548;GSM34549;GSM34550;GSM34551;GSM34552;GSM34553;GSM34554;GSM34556;GSM34557;GSM34558;GSM34559;GSM34560;GSM34562;GSM34563;GSM34565;GSM34567;GSM50135;GSM50148;GSM50149;GSM50154;GSM52885;GSM52886;GSM52887;GSM52888;GSM52889;GSM52890;GSM52891;GSM52892;GSM52893;GSM52894;GSM52895;GSM52919;GSM53474;GSM53475;GSM53476;GSM53477;GSM53478;GSM53479;GSM53480;GSM53481;GSM53482;GSM53483;GSM53484;GSM53485;GSM53486;GSM80214;GSM80215;GSM80216;GSM80217;GSM80218;GSM80219;GSM80220;GSM80221;GSM80222;GSM80225;GSM80226;GSM80227;GSM80228;GSM80229;GSM80230;GSM80232;GSM80233;GSM80234;GSM80235;GSM80243;GSM81165;GSM81166;GSM81167;GSM81169;GSM81171;GSM81173;GSM81175;GSM81176;GSM81177;GSM81185
GSE149322,GSE150576,150,150,288,1.0,0.520833,complete_containment,33083527;33767190,AKT/mTOR/HER/PI3K family genes as predictors of pCR for early stage breast cancer patients treated with the AKT inhibitor MK2206 in the I-SPY 2 TRIAL (NCT01042379),AKT/mTOR/HER/PI3K family genes and phospho-proteins as predictors of pCR for early stage breast cancer patients treated with the AKT inhibitor MK2206 in the I-SPY 2 TRIAL,GSM4497593;GSM4497594;GSM4497595;GSM4497596;GSM4497597;GSM4497598;GSM4497599;GSM4497600;GSM4497601;GSM4497602;GSM4497603;GSM4497604;GSM4497605;GSM4497606;GSM4497607;GSM4497608;GSM4497609;GSM4497610;GSM4497611;GSM4497612;GSM4497613;GSM4497614;GSM4497615;GSM4497616;GSM4497617;GSM4497618;GSM4497619;GSM4497620;GSM4497621;GSM4497622;GSM4497623;GSM4497624;GSM4497625;GSM4497626;GSM4497627;GSM4497628;GSM4497629;GSM4497630;GSM4497631;GSM4497632;GSM4497633;GSM4497634;GSM4497635;GSM4497636;GSM4497637;GSM4497638;GSM4497639;GSM4497640;GSM4497641;GSM4497642;GSM4497643;GSM4497644;GSM4497645;GSM4497646;GSM4497647;GSM4497648;GSM4497649;GSM4497650;GSM4497651;GSM4497652;GSM4497653;GSM4497654;GSM4497655;GSM4497656;GSM4497657;GSM4497658;GSM4497659;GSM4497660;GSM4497661;GSM4497662;GSM4497663;GSM4497664;GSM4497665;GSM4497666;GSM4497667;GSM4497668;GSM4497669;GSM4497670;GSM4497671;GSM4497672;GSM4497673;GSM4497674;GSM4497675;GSM4497676;GSM4497677;GSM4497678;GSM4497679;GSM4497680;GSM4497681;GSM4497682;GSM4497683;GSM4497684;GSM4497685;GSM4497686;GSM4497687;GSM4497688;GSM4497689;GSM4497690;GSM4497691;GSM4497692;GSM4497693;GSM4497694;GSM4497695;GSM4497696;GSM4497697;GSM4497698;GSM4497699;GSM4497700;GSM4497701;GSM4497702;GSM4497703;GSM4497704;GSM4497705;GSM4497706;GSM4497707;GSM4497708;GSM4497709;GSM4497710;GSM4497711;GSM4497712;GSM4497713;GSM4497714;GSM4497715;GSM4497716;GSM4497717;GSM4497718;GSM4497719;GSM4497720;GSM4497721;GSM4497722;GSM4497723;GSM4497724;GSM4497725;GSM4497726;GSM4497727;GSM4497728;GSM4497729;GSM4497730;GSM4497731;GSM4497732;GSM4497733;GSM4497734;GSM4497735;GSM4497736;GSM4497737;GSM4497738;GSM4497739;GSM4497740;GSM4497741;GSM4497742
GSE150575,GSE150576,138,138,288,1.0,0.479167,complete_containment,33083527;33767190,AKT/mTOR/HER/PI3K family proteins and phospho-proteins as predictors of pCR for early stage breast cancer patients treated with the AKT inhibitor MK2206 in the I-SPY 2 TRIAL (NCT01042379),AKT/mTOR/HER/PI3K family genes and phospho-proteins as predictors of pCR for early stage breast cancer patients treated with the AKT inhibitor MK2206 in the I-SPY 2 TRIAL,GSM4552515;GSM4552516;GSM4552517;GSM4552518;GSM4552519;GSM4552520;GSM4552521;GSM4552522;GSM4552523;GSM4552524;GSM4552525;GSM4552526;GSM4552527;GSM4552528;GSM4552529;GSM4552530;GSM4552531;GSM4552532;GSM4552533;GSM4552534;GSM4552535;GSM4552536;GSM4552537;GSM4552538;GSM4552539;GSM4552540;GSM4552541;GSM4552542;GSM4552543;GSM4552544;GSM4552545;GSM4552546;GSM4552547;GSM4552548;GSM4552549;GSM4552550;GSM4552551;GSM4552552;GSM4552553;GSM4552554;GSM4552555;GSM4552556;GSM4552557;GSM4552558;GSM4552559;GSM4552560;GSM4552561;GSM4552562;GSM4552563;GSM4552564;GSM4552565;GSM4552566;GSM4552567;GSM4552568;GSM4552569;GSM4552570;GSM4552571;GSM4552572;GSM4552573;GSM4552574;GSM4552575;GSM4552576;GSM4552577;GSM4552578;GSM4552579;GSM4552580;GSM4552581;GSM4552582;GSM4552583;GSM4552584;GSM4552585;GSM4552586;GSM4552587;GSM4552588;GSM4552589;GSM4552590;GSM4552591;GSM4552592;GSM4552593;GSM4552594;GSM4552595;GSM4552596;GSM4552597;GSM4552598;GSM4552599;GSM4552600;GSM4552601;GSM4552602;GSM4552603;GSM4552604;GSM4552605;GSM4552606;GSM4552607;GSM4552608;GSM4552609;GSM4552610;GSM4552611;GSM4552612;GSM4552613;GSM4552614;GSM4552615;GSM4552616;GSM4552617;GSM4552618;GSM4552619;GSM4552620;GSM4552621;GSM4552622;GSM4552623;GSM4552624;GSM4552625;GSM4552626;GSM4552627;GSM4552628;GSM4552629;GSM4552630;GSM4552631;GSM4552632;GSM4552633;GSM4552634;GSM4552635;GSM4552636;GSM4552637;GSM4552638;GSM4552639;GSM4552640;GSM4552641;GSM4552642;GSM4552643;GSM4552644;GSM4552645;GSM4552646;GSM4552647;GSM4552648;GSM4552649;GSM4552650;GSM4552651;GSM4552652
GSE26338,GSE6130,137,414,159,0.861635,0.31422,near_containment,,"Genomic analysis identifies unique signatures predictive of brain, lung, and liver relapse",Agreement in Breast Cancer Classification between Microarray and qRT-PCR from Fresh-Frozen and Formalin-Fixed Tissues,GSM141022;GSM141075;GSM141084;GSM141088;GSM141089;GSM34424;GSM34425;GSM34426;GSM34427;GSM34428;GSM34429;GSM34430;GSM34431;GSM34432;GSM34433;GSM34435;GSM34437;GSM34440;GSM34441;GSM34445;GSM34447;GSM34448;GSM34450;GSM34451;GSM34452;GSM34453;GSM34455;GSM34458;GSM34459;GSM34460;GSM34462;GSM34463;GSM34464;GSM34469;GSM34474;GSM34475;GSM34477;GSM34479;GSM34480;GSM34481;GSM34482;GSM34484;GSM34487;GSM34488;GSM34490;GSM34491;GSM34494;GSM34495;GSM34496;GSM34497;GSM34501;GSM34504;GSM34508;GSM34510;GSM34512;GSM34514;GSM34520;GSM34521;GSM34523;GSM34524;GSM34525;GSM34527;GSM34528;GSM34529;GSM34530;GSM34531;GSM34532;GSM34534;GSM34535;GSM34536;GSM34538;GSM34539;GSM34541;GSM34542;GSM34544;GSM34546;GSM34548;GSM34549;GSM34550;GSM34551;GSM34552;GSM34554;GSM34555;GSM34556;GSM34557;GSM34558;GSM34559;GSM34561;GSM34563;GSM34565;GSM34567;GSM52885;GSM52887;GSM52888;GSM52889;GSM52890;GSM52891;GSM52892;GSM52893;GSM53474;GSM53475;GSM53478;GSM53479;GSM53482;GSM53483;GSM53486;GSM80213;GSM80214;GSM80216;GSM80217;GSM80218;GSM80222;GSM80225;GSM80229;GSM80230;GSM80232;GSM80235;GSM80236;GSM80237;GSM80246;GSM81165;GSM81166;GSM81167;GSM81171;GSM81173;GSM81174;GSM81175;GSM81179;GSM81180;GSM81181;GSM81182;GSM81183;GSM81184;GSM81185;GSM81186;GSM81187;GSM81188
GSE10893,GSE6130,134,504,159,0.842767,0.253308,near_containment,,"Basal-like Breast Cancer DNA copy number losses identify genes involved in genomic instability, response to therapy, and patient survival",Agreement in Breast Cancer Classification between Microarray and qRT-PCR from Fresh-Frozen and Formalin-Fixed Tissues,GSM141022;GSM34424;GSM34425;GSM34426;GSM34427;GSM34428;GSM34429;GSM34430;GSM34431;GSM34432;GSM34433;GSM34435;GSM34437;GSM34440;GSM34441;GSM34447;GSM34448;GSM34450;GSM34451;GSM34452;GSM34453;GSM34455;GSM34458;GSM34459;GSM34460;GSM34462;GSM34463;GSM34464;GSM34469;GSM34474;GSM34475;GSM34477;GSM34479;GSM34480;GSM34481;GSM34482;GSM34484;GSM34487;GSM34488;GSM34490;GSM34491;GSM34494;GSM34495;GSM34496;GSM34497;GSM34501;GSM34504;GSM34508;GSM34510;GSM34512;GSM34514;GSM34520;GSM34521;GSM34523;GSM34524;GSM34525;GSM34527;GSM34528;GSM34529;GSM34530;GSM34531;GSM34532;GSM34534;GSM34535;GSM34536;GSM34538;GSM34539;GSM34541;GSM34542;GSM34544;GSM34546;GSM34548;GSM34549;GSM34550;GSM34551;GSM34552;GSM34554;GSM34556;GSM34557;GSM34558;GSM34559;GSM34561;GSM34563;GSM34565;GSM34567;GSM52883;GSM52884;GSM52885;GSM52887;GSM52888;GSM52889;GSM52890;GSM52891;GSM52892;GSM52893;GSM52895;GSM53474;GSM53475;GSM53478;GSM53479;GSM53482;GSM53483;GSM53486;GSM80213;GSM80214;GSM80216;GSM80217;GSM80218;GSM80222;GSM80225;GSM80229;GSM80230;GSM80232;GSM80235;GSM80236;GSM80237;GSM80246;GSM81165;GSM81166;GSM81167;GSM81171;GSM81173;GSM81174;GSM81175;GSM81179;GSM81180;GSM81181;GSM81182;GSM81183;GSM81184;GSM81185;GSM81186;GSM81187;GSM81188
GSE18229,GSE6130,134,372,159,0.842767,0.337531,near_containment,,Phenotypic and Molecular Characterization of the Claudin-low Intrinsic Subtype of Breast Cancer,Agreement in Breast Cancer Classification between Microarray and qRT-PCR from Fresh-Frozen and Formalin-Fixed Tissues,GSM141022;GSM34424;GSM34425;GSM34426;GSM34427;GSM34428;GSM34429;GSM34430;GSM34431;GSM34432;GSM34433;GSM34435;GSM34437;GSM34440;GSM34441;GSM34447;GSM34448;GSM34450;GSM34451;GSM34452;GSM34453;GSM34455;GSM34458;GSM34459;GSM34460;GSM34462;GSM34463;GSM34464;GSM34469;GSM34474;GSM34475;GSM34477;GSM34479;GSM34480;GSM34481;GSM34482;GSM34484;GSM34487;GSM34488;GSM34490;GSM34491;GSM34494;GSM34495;GSM34496;GSM34497;GSM34501;GSM34504;GSM34508;GSM34510;GSM34512;GSM34514;GSM34520;GSM34521;GSM34523;GSM34524;GSM34525;GSM34527;GSM34528;GSM34529;GSM34530;GSM34531;GSM34532;GSM34534;GSM34535;GSM34536;GSM34538;GSM34539;GSM34541;GSM34542;GSM34544;GSM34546;GSM34548;GSM34549;GSM34550;GSM34551;GSM34552;GSM34554;GSM34556;GSM34557;GSM34558;GSM34559;GSM34561;GSM34563;GSM34565;GSM34567;GSM52883;GSM52884;GSM52885;GSM52887;GSM52888;GSM52889;GSM52890;GSM52891;GSM52892;GSM52893;GSM52895;GSM53474;GSM53475;GSM53478;GSM53479;GSM53482;GSM53483;GSM53486;GSM80213;GSM80214;GSM80216;GSM80217;GSM80218;GSM80222;GSM80225;GSM80229;GSM80230;GSM80232;GSM80235;GSM80236;GSM80237;GSM80246;GSM81165;GSM81166;GSM81167;GSM81171;GSM81173;GSM81174;GSM81175;GSM81179;GSM81180;GSM81181;GSM81182;GSM81183;GSM81184;GSM81185;GSM81186;GSM81187;GSM81188
GSE4335,GSE4382,122,122,167,1.0,0.730539,complete_containment,12829800,Norway/Stanford Breast Tumors,Repeated observation of breast tumor subtypes in independent gene expression data sets,GSM1844;GSM1845;GSM1846;GSM1849;GSM1850;GSM1852;GSM1854;GSM1855;GSM1858;GSM1860;GSM1861;GSM1866;GSM1867;GSM1868;GSM1871;GSM1872;GSM1873;GSM1874;GSM1877;GSM1878;GSM1880;GSM1882;GSM1887;GSM1888;GSM1889;GSM1891;GSM1892;GSM1897;GSM1898;GSM1900;GSM1902;GSM1904;GSM1905;GSM1906;GSM1909;GSM1911;GSM1913;GSM1914;GSM1915;GSM1916;GSM1918;GSM1927;GSM71745;GSM71751;GSM71768;GSM71781;GSM71790;GSM71802;GSM71806;GSM71811;GSM71818;GSM71822;GSM71823;GSM71828;GSM73720;GSM97233;GSM97235;GSM97236;GSM97237;GSM97238;GSM97239;GSM97240;GSM97241;GSM97242;GSM97243;GSM97244;GSM97245;GSM97247;GSM97248;GSM97249;GSM97251;GSM97252;GSM97253;GSM97254;GSM97255;GSM97259;GSM97262;GSM97263;GSM97267;GSM97268;GSM97271;GSM97272;GSM97275;GSM98900;GSM98901;GSM98902;GSM98903;GSM98904;GSM98905;GSM98906;GSM98907;GSM98908;GSM98909;GSM98910;GSM98911;GSM98912;GSM98913;GSM98914;GSM98915;GSM98916;GSM98917;GSM98918;GSM98919;GSM98920;GSM98921;GSM98922;GSM98923;GSM98924;GSM98925;GSM98926;GSM98927;GSM98928;GSM98929;GSM98930;GSM98931;GSM98932;GSM98933;GSM98935;GSM98936;GSM98937;GSM98938;GSM98939
GSE10886,GSE26338,116,226,414,0.513274,0.221374,partial_overlap,,A Supervised Risk Predictor of Breast Cancer Based on Biological Subtypes,"Genomic analysis identifies unique signatures predictive of brain, lung, and liver relapse",GSM140986;GSM140992;GSM140999;GSM141001;GSM141002;GSM141075;GSM141084;GSM141088;GSM141092;GSM141093;GSM141095;GSM141096;GSM141097;GSM141098;GSM141099;GSM141102;GSM141105;GSM141108;GSM141110;GSM141111;GSM141114;GSM141117;GSM141118;GSM141121;GSM275694;GSM275782;GSM275783;GSM275806;GSM275808;GSM275814;GSM275815;GSM275818;GSM275824;GSM275827;GSM275831;GSM275836;GSM275838;GSM275845;GSM275849;GSM275851;GSM275855;GSM275856;GSM275861;GSM275862;GSM275864;GSM275871;GSM275872;GSM275874;GSM275884;GSM275892;GSM275899;GSM275907;GSM275908;GSM34428;GSM34430;GSM34431;GSM34437;GSM34438;GSM34439;GSM34446;GSM34448;GSM34450;GSM34451;GSM34452;GSM34455;GSM34456;GSM34459;GSM34464;GSM34469;GSM34474;GSM34475;GSM34476;GSM34481;GSM34482;GSM34483;GSM34488;GSM34497;GSM34498;GSM34508;GSM34510;GSM34511;GSM34516;GSM34523;GSM34525;GSM34527;GSM34528;GSM34529;GSM34530;GSM34531;GSM34532;GSM34541;GSM34544;GSM34547;GSM34548;GSM34549;GSM34550;GSM34552;GSM34553;GSM34556;GSM34557;GSM34559;GSM34562;GSM34565;GSM34567;GSM50148;GSM50154;GSM50157;GSM52886;GSM52891;GSM53474;GSM53475;GSM53476;GSM53477;GSM80221;GSM80240;GSM80246
GSE20181,GSE5462,116,176,116,1.0,0.659091,complete_containment,20646288,Letrozole (Femara) early and late responses to treatment,Letrozole (Femara) early response to treatment,GSM125123;GSM125124;GSM125125;GSM125126;GSM125127;GSM125128;GSM125129;GSM125130;GSM125131;GSM125132;GSM125133;GSM125134;GSM125135;GSM125136;GSM125137;GSM125138;GSM125139;GSM125140;GSM125141;GSM125142;GSM125143;GSM125144;GSM125145;GSM125146;GSM125147;GSM125148;GSM125149;GSM125150;GSM125151;GSM125152;GSM125153;GSM125154;GSM125155;GSM125156;GSM125157;GSM125158;GSM125159;GSM125160;GSM125161;GSM125162;GSM125163;GSM125164;GSM125165;GSM125166;GSM125167;GSM125168;GSM125169;GSM125170;GSM125171;GSM125172;GSM125173;GSM125174;GSM125175;GSM125176;GSM125177;GSM125178;GSM125179;GSM125180;GSM125181;GSM125182;GSM125183;GSM125184;GSM125185;GSM125186;GSM125187;GSM125188;GSM125189;GSM125190;GSM125191;GSM125192;GSM125193;GSM125194;GSM125195;GSM125196;GSM125197;GSM125198;GSM125199;GSM125200;GSM125201;GSM125202;GSM125203;GSM125204;GSM125205;GSM125206;GSM125207;GSM125208;GSM125209;GSM125210;GSM125211;GSM125212;GSM125213;GSM125214;GSM125215;GSM125216;GSM125217;GSM125218;GSM125219;GSM125220;GSM125221;GSM125222;GSM125223;GSM125224;GSM125225;GSM125226;GSM125227;GSM125228;GSM125229;GSM125230;GSM125231;GSM125232;GSM125233;GSM125234;GSM125235;GSM125236;GSM125237;GSM125238
GSE10886,GSE18229,113,226,372,0.5,0.23299,partial_overlap,,A Supervised Risk Predictor of Breast Cancer Based on Biological Subtypes,Phenotypic and Molecular Characterization of the Claudin-low Intrinsic Subtype of Breast Cancer,GSM140999;GSM141001;GSM141002;GSM141092;GSM141093;GSM141095;GSM141096;GSM141097;GSM141098;GSM141099;GSM141102;GSM141105;GSM141108;GSM141110;GSM141111;GSM141114;GSM141117;GSM141118;GSM141121;GSM275694;GSM275782;GSM275783;GSM275806;GSM275808;GSM275814;GSM275815;GSM275818;GSM275824;GSM275827;GSM275831;GSM275836;GSM275838;GSM275845;GSM275849;GSM275851;GSM275855;GSM275856;GSM275861;GSM275862;GSM275864;GSM275871;GSM275872;GSM275874;GSM275884;GSM275892;GSM275899;GSM275907;GSM275908;GSM34428;GSM34430;GSM34431;GSM34437;GSM34438;GSM34439;GSM34446;GSM34448;GSM34450;GSM34451;GSM34452;GSM34455;GSM34456;GSM34459;GSM34464;GSM34469;GSM34474;GSM34475;GSM34476;GSM34481;GSM34482;GSM34483;GSM34488;GSM34497;GSM34498;GSM34508;GSM34510;GSM34511;GSM34516;GSM34523;GSM34525;GSM34527;GSM34528;GSM34529;GSM34530;GSM34531;GSM34532;GSM34541;GSM34544;GSM34547;GSM34548;GSM34549;GSM34550;GSM34552;GSM34553;GSM34556;GSM34557;GSM34559;GSM34562;GSM34565;GSM34567;GSM50148;GSM50154;GSM50157;GSM52884;GSM52886;GSM52891;GSM52895;GSM52896;GSM53474;GSM53475;GSM53476;GSM53477;GSM80221;GSM80246
GSE130786,GSE130788,110,110,199,1.0,0.552764,complete_containment,33951110,"A Phase II Randomized Trial of Neoadjuvant Trastuzumab or Lapatinib or the Combination of Trastuzumab and Lapatinib, Followed by Docetaxel and Carboplatin with Trastuzumab and/or Lapatinib in Patients with HER2+ Breast Cancer [Baseline]","A Phase II Randomized Trial of Neoadjuvant Trastuzumab or Lapatinib or the Combination of Trastuzumab and Lapatinib, Followed by Docetaxel and Carboplatin with Trastuzumab and/or Lapatinib in Patients with HER2+ Breast Cancer",GSM3753582;GSM3753583;GSM3753584;GSM3753585;GSM3753586;GSM3753587;GSM3753588;GSM3753589;GSM3753590;GSM3753591;GSM3753592;GSM3753593;GSM3753594;GSM3753595;GSM3753596;GSM3753597;GSM3753598;GSM3753599;GSM3753600;GSM3753601;GSM3753602;GSM3753603;GSM3753604;GSM3753605;GSM3753606;GSM3753607;GSM3753608;GSM3753609;GSM3753610;GSM3753611;GSM3753612;GSM3753613;GSM3753614;GSM3753615;GSM3753616;GSM3753617;GSM3753618;GSM3753619;GSM3753620;GSM3753621;GSM3753622;GSM3753623;GSM3753624;GSM3753625;GSM3753626;GSM3753627;GSM3753628;GSM3753629;GSM3753630;GSM3753631;GSM3753632;GSM3753633;GSM3753634;GSM3753635;GSM3753636;GSM3753637;GSM3753638;GSM3753639;GSM3753640;GSM3753641;GSM3753642;GSM3753643;GSM3753644;GSM3753645;GSM3753646;GSM3753647;GSM3753648;GSM3753649;GSM3753650;GSM3753651;GSM3753652;GSM3753653;GSM3753654;GSM3753655;GSM3753656;GSM3753657;GSM3753658;GSM3753659;GSM3753660;GSM3753661;GSM3753662;GSM3753663;GSM3753664;GSM3753665;GSM3753666;GSM3753667;GSM3753668;GSM3753669;GSM3753670;GSM3753671;GSM3753672;GSM3753673;GSM3753674;GSM3753675;GSM3753676;GSM3753677;GSM3753678;GSM3753679;GSM3753680;GSM3753681;GSM3753682;GSM3753683;GSM3753684;GSM3753685;GSM3753686;GSM3753687;GSM3753688;GSM3753689;GSM3753690;GSM3753691
GSE20624,GSE6130,110,344,159,0.691824,0.279898,partial_overlap,,Breast Carcinomas arising at a Young Age:  A Unique Biology or a Surrogate for Aggressive Intrinsic Subtypes.,Agreement in Breast Cancer Classification between Microarray and qRT-PCR from Fresh-Frozen and Formalin-Fixed Tissues,GSM141010;GSM141011;GSM141022;GSM141023;GSM141070;GSM141071;GSM141074;GSM141075;GSM141079;GSM141081;GSM141082;GSM141083;GSM141084;GSM141085;GSM141087;GSM141088;GSM34424;GSM34428;GSM34431;GSM34432;GSM34433;GSM34435;GSM34437;GSM34445;GSM34447;GSM34448;GSM34450;GSM34451;GSM34453;GSM34455;GSM34458;GSM34459;GSM34460;GSM34462;GSM34463;GSM34469;GSM34474;GSM34475;GSM34479;GSM34481;GSM34487;GSM34488;GSM34494;GSM34495;GSM34497;GSM34504;GSM34508;GSM34510;GSM34521;GSM34523;GSM34527;GSM34528;GSM34530;GSM34531;GSM34532;GSM34534;GSM34536;GSM34538;GSM34539;GSM34541;GSM34542;GSM34544;GSM34546;GSM34548;GSM34549;GSM34550;GSM34551;GSM34552;GSM34554;GSM34555;GSM34556;GSM34557;GSM34558;GSM34559;GSM34563;GSM34565;GSM34567;GSM52885;GSM52887;GSM52888;GSM52889;GSM52890;GSM52891;GSM52892;GSM52893;GSM52895;GSM53474;GSM53475;GSM53478;GSM53479;GSM53482;GSM53483;GSM53486;GSM80214;GSM80216;GSM80217;GSM80218;GSM80222;GSM80225;GSM80229;GSM80230;GSM80232;GSM80235;GSM81165;GSM81166;GSM81167;GSM81171;GSM81173;GSM81175;GSM81185
GSE37751,GSE39004,108,108,180,1.0,0.6,complete_containment,24316975;25016594;30501643,Molecular Profiles of Human Breast Cancer and Their Association with Tumor Subtypes and Disease Prognosis (Affymetrix),Molecular Profiles of Human Breast Cancer and Their Association with Tumor Subtypes and Disease Prognosis,GSM926963;GSM926964;GSM926965;GSM926966;GSM926967;GSM926968;GSM926969;GSM926970;GSM926971;GSM926972;GSM926973;GSM926974;GSM926975;GSM926976;GSM926977;GSM926978;GSM926979;GSM926980;GSM926981;GSM926982;GSM926983;GSM926984;GSM926985;GSM926986;GSM926987;GSM926988;GSM926989;GSM926990;GSM926991;GSM926992;GSM926993;GSM926994;GSM926995;GSM926996;GSM926997;GSM926998;GSM926999;GSM927000;GSM927001;GSM927002;GSM927003;GSM927004;GSM927005;GSM927006;GSM927007;GSM927008;GSM927009;GSM927010;GSM927011;GSM927012;GSM927013;GSM927014;GSM927015;GSM927016;GSM927017;GSM927018;GSM927019;GSM927020;GSM927021;GSM927022;GSM927023;GSM927024;GSM927025;GSM927026;GSM927027;GSM927028;GSM927029;GSM927030;GSM927031;GSM927032;GSM927033;GSM927034;GSM927035;GSM927036;GSM927037;GSM927038;GSM927039;GSM927040;GSM927041;GSM927042;GSM927043;GSM927044;GSM927045;GSM927046;GSM927047;GSM927048;GSM927049;GSM927050;GSM927051;GSM927052;GSM927053;GSM927054;GSM927055;GSM927056;GSM927057;GSM927058;GSM927059;GSM927060;GSM927061;GSM927062;GSM927063;GSM927064;GSM927065;GSM927066;GSM927067;GSM927068;GSM927069;GSM927070
GSE10886,GSE10893,105,226,504,0.464602,0.168,partial_overlap,,A Supervised Risk Predictor of Breast Cancer Based on Biological Subtypes,"Basal-like Breast Cancer DNA copy number losses identify genes involved in genomic instability, response to therapy, and patient survival",GSM141001;GSM141002;GSM141092;GSM141093;GSM141095;GSM141098;GSM141099;GSM141102;GSM141105;GSM141108;GSM141111;GSM141114;GSM141117;GSM141118;GSM275782;GSM275783;GSM275806;GSM275808;GSM275814;GSM275815;GSM275818;GSM275824;GSM275827;GSM275831;GSM275836;GSM275838;GSM275845;GSM275849;GSM275851;GSM275855;GSM275856;GSM275861;GSM275862;GSM275864;GSM275871;GSM275872;GSM275874;GSM275884;GSM275892;GSM275899;GSM275907;GSM34428;GSM34430;GSM34431;GSM34437;GSM34438;GSM34439;GSM34446;GSM34448;GSM34450;GSM34451;GSM34452;GSM34455;GSM34456;GSM34459;GSM34464;GSM34469;GSM34474;GSM34475;GSM34476;GSM34481;GSM34482;GSM34483;GSM34488;GSM34497;GSM34498;GSM34508;GSM34510;GSM34511;GSM34516;GSM34523;GSM34525;GSM34527;GSM34528;GSM34529;GSM34530;GSM34531;GSM34532;GSM34541;GSM34544;GSM34547;GSM34548;GSM34549;GSM34550;GSM34552;GSM34553;GSM34556;GSM34557;GSM34559;GSM34562;GSM34565;GSM34567;GSM50148;GSM50154;GSM52884;GSM52886;GSM52891;GSM52895;GSM52896;GSM53474;GSM53475;GSM53476;GSM53477;GSM80221;GSM80246
GSE130787,GSE130788,89,89,199,1.0,0.447236,complete_containment,33951110,"A Phase II Randomized Trial of Neoadjuvant Trastuzumab or Lapatinib or the Combination of Trastuzumab and Lapatinib, Followed by Docetaxel and Carboplatin with Trastuzumab and/or Lapatinib in Patients with HER2+ Breast Cancer [treatments]","A Phase II Randomized Trial of Neoadjuvant Trastuzumab or Lapatinib or the Combination of Trastuzumab and Lapatinib, Followed by Docetaxel and Carboplatin with Trastuzumab and/or Lapatinib in Patients with HER2+ Breast Cancer",GSM3753692;GSM3753693;GSM3753694;GSM3753695;GSM3753696;GSM3753697;GSM3753698;GSM3753699;GSM3753700;GSM3753701;GSM3753702;GSM3753703;GSM3753704;GSM3753705;GSM3753706;GSM3753707;GSM3753708;GSM3753709;GSM3753710;GSM3753711;GSM3753712;GSM3753713;GSM3753714;GSM3753715;GSM3753716;GSM3753717;GSM3753718;GSM3753719;GSM3753720;GSM3753721;GSM3753722;GSM3753723;GSM3753724;GSM3753725;GSM3753726;GSM3753727;GSM3753728;GSM3753729;GSM3753730;GSM3753731;GSM3753732;GSM3753733;GSM3753734;GSM3753735;GSM3753736;GSM3753737;GSM3753738;GSM3753739;GSM3753740;GSM3753741;GSM3753742;GSM3753743;GSM3753744;GSM3753745;GSM3753746;GSM3753747;GSM3753748;GSM3753749;GSM3753750;GSM3753751;GSM3753752;GSM3753753;GSM3753754;GSM3753755;GSM3753756;GSM3753757;GSM3753758;GSM3753759;GSM3753760;GSM3753761;GSM3753762;GSM3753763;GSM3753764;GSM3753765;GSM3753766;GSM3753767;GSM3753768;GSM3753769;GSM3753770;GSM3753771;GSM3753772;GSM3753773;GSM3753774;GSM3753775;GSM3753776;GSM3753777;GSM3753778;GSM3753779;GSM3753780
GSE66305,GSE66399,88,88,156,1.0,0.564103,complete_containment,26245675,Prospective biomarker analysis of the randomized CHER-LOB study evaluating the dual anti-HER2 treatment with chemotherapy plus trastuzumab and lapatinib as neoadjuvant therapy for HER2-positive breast cancer [expression],Prospective biomarker analysis of the randomized CHER-LOB study evaluating the dual anti-HER2 treatment with chemotherapy plus trastuzumab and lapatinib as neoadjuvant therapy for HER2-positive breast cancer,GSM1619387;GSM1619388;GSM1619389;GSM1619390;GSM1619391;GSM1619392;GSM1619393;GSM1619394;GSM1619395;GSM1619396;GSM1619397;GSM1619398;GSM1619399;GSM1619400;GSM1619401;GSM1619402;GSM1619403;GSM1619404;GSM1619405;GSM1619406;GSM1619407;GSM1619408;GSM1619409;GSM1619410;GSM1619411;GSM1619412;GSM1619413;GSM1619414;GSM1619415;GSM1619416;GSM1619417;GSM1619418;GSM1619419;GSM1619420;GSM1619421;GSM1619422;GSM1619423;GSM1619424;GSM1619425;GSM1619426;GSM1619427;GSM1619428;GSM1619429;GSM1619430;GSM1619431;GSM1619432;GSM1619433;GSM1619434;GSM1619435;GSM1619436;GSM1619437;GSM1619438;GSM1619439;GSM1619440;GSM1619441;GSM1619442;GSM1619443;GSM1619444;GSM1619445;GSM1619446;GSM1619447;GSM1619448;GSM1619449;GSM1619450;GSM1619451;GSM1619452;GSM1619453;GSM1619454;GSM1619455;GSM1619456;GSM1619457;GSM1619458;GSM1619459;GSM1619460;GSM1619461;GSM1619462;GSM1619463;GSM1619464;GSM1619465;GSM1619466;GSM1619467;GSM1619468;GSM1619469;GSM1619470;GSM1619471;GSM1619472;GSM1619473;GSM1619474
GSE37754,GSE39004,72,72,180,1.0,0.4,complete_containment,24316975;25016594;30501643,Molecular Profiles of Human Breast Cancer and Their Association with Tumor Subtypes and Disease Prognosis (Illumina),Molecular Profiles of Human Breast Cancer and Their Association with Tumor Subtypes and Disease Prognosis,GSM927093;GSM927094;GSM927095;GSM927096;GSM927097;GSM927098;GSM927099;GSM927100;GSM927101;GSM927102;GSM927103;GSM927104;GSM927105;GSM927106;GSM927107;GSM927108;GSM927109;GSM927110;GSM927111;GSM927112;GSM927113;GSM927114;GSM927115;GSM927116;GSM927117;GSM927118;GSM927119;GSM927120;GSM927121;GSM927122;GSM927123;GSM927124;GSM927125;GSM927126;GSM927127;GSM927128;GSM927129;GSM927130;GSM927131;GSM927132;GSM927133;GSM927134;GSM927135;GSM927136;GSM927137;GSM927138;GSM927139;GSM927140;GSM927141;GSM927142;GSM927143;GSM927144;GSM927145;GSM927146;GSM927147;GSM927148;GSM927149;GSM927150;GSM927151;GSM927152;GSM927153;GSM927154;GSM927155;GSM927156;GSM927157;GSM927158;GSM927159;GSM927160;GSM927161;GSM927162;GSM927163;GSM927164
GSE66398,GSE66399,68,68,156,1.0,0.435897,complete_containment,26245675,Prospective biomarker analysis of the randomized CHER-LOB study evaluating the dual anti-HER2 treatment with chemotherapy plus trastuzumab and lapatinib as neoadjuvant therapy for HER2-positive breast cancer [copy number],Prospective biomarker analysis of the randomized CHER-LOB study evaluating the dual anti-HER2 treatment with chemotherapy plus trastuzumab and lapatinib as neoadjuvant therapy for HER2-positive breast cancer,GSM1621442;GSM1621443;GSM1621444;GSM1621445;GSM1621446;GSM1621447;GSM1621448;GSM1621449;GSM1621450;GSM1621451;GSM1621452;GSM1621453;GSM1621454;GSM1621455;GSM1621456;GSM1621457;GSM1621458;GSM1621459;GSM1621460;GSM1621462;GSM1621463;GSM1621464;GSM1621465;GSM1621466;GSM1621467;GSM1621468;GSM1621469;GSM1621470;GSM1621471;GSM1621472;GSM1621473;GSM1621474;GSM1621475;GSM1621476;GSM1621477;GSM1621478;GSM1621479;GSM1621480;GSM1621481;GSM1621482;GSM1621483;GSM1621484;GSM1621485;GSM1621486;GSM1621487;GSM1621488;GSM1621489;GSM1621490;GSM1621491;GSM1621493;GSM1621494;GSM1621495;GSM1621496;GSM1621497;GSM1621498;GSM1621499;GSM1621500;GSM1621501;GSM1621502;GSM1621503;GSM1621504;GSM1621505;GSM1621506;GSM1621507;GSM1621508;GSM1621509;GSM1621511;GSM1621512
GSE76727,GSE76728,66,66,74,1.0,0.891892,complete_containment,27384960,Tumour sampling method can significantly influence gene expression profiles derived from neoadjuvant window studies II,Tumour sampling method can significantly influence gene expression profiles derived from neoadjuvant window studies,GSM2036654;GSM2036655;GSM2036656;GSM2036657;GSM2036658;GSM2036659;GSM2036660;GSM2036661;GSM2036662;GSM2036663;GSM2036664;GSM2036665;GSM2036666;GSM2036667;GSM2036668;GSM2036669;GSM2036670;GSM2036671;GSM2036672;GSM2036673;GSM2036674;GSM2036675;GSM2036676;GSM2036677;GSM2036678;GSM2036679;GSM2036680;GSM2036681;GSM2036682;GSM2036683;GSM2036684;GSM2036685;GSM2036686;GSM2036687;GSM2036688;GSM2036689;GSM2036690;GSM2036691;GSM2036692;GSM2036693;GSM2036694;GSM2036695;GSM2036696;GSM2036697;GSM2036698;GSM2036699;GSM2036700;GSM2036701;GSM2036702;GSM2036703;GSM2036704;GSM2036705;GSM2036706;GSM2036707;GSM2036708;GSM2036709;GSM2036710;GSM2036711;GSM2036712;GSM2036713;GSM2036714;GSM2036715;GSM2036716;GSM2036717;GSM2036718;GSM2036719
GSE10886,GSE6130,55,226,159,0.345912,0.166667,partial_overlap,,A Supervised Risk Predictor of Breast Cancer Based on Biological Subtypes,Agreement in Breast Cancer Classification between Microarray and qRT-PCR from Fresh-Frozen and Formalin-Fixed Tissues,GSM141070;GSM141071;GSM141072;GSM141073;GSM141075;GSM141079;GSM141081;GSM141084;GSM141085;GSM141088;GSM34428;GSM34430;GSM34431;GSM34437;GSM34448;GSM34450;GSM34451;GSM34452;GSM34455;GSM34459;GSM34464;GSM34469;GSM34474;GSM34475;GSM34481;GSM34482;GSM34488;GSM34497;GSM34508;GSM34510;GSM34523;GSM34525;GSM34527;GSM34528;GSM34529;GSM34530;GSM34531;GSM34532;GSM34541;GSM34544;GSM34548;GSM34549;GSM34550;GSM34552;GSM34556;GSM34557;GSM34559;GSM34565;GSM34567;GSM52884;GSM52891;GSM52895;GSM53474;GSM53475;GSM80246
GSE28826,GSE28844,28,28,61,1.0,0.459016,complete_containment,23326553,Differentially expressed genes after treatment with chemotherapy in breast cancer and their correlation with pathologic bad response (Miller & Payne grades 1 and 2),Differentially expressed genes after treatment with chemotherapy in breast cancer and their correlation with pathologic response,GSM710744;GSM710745;GSM710790;GSM710791;GSM710798;GSM710799;GSM710800;GSM710936;GSM710937;GSM710938;GSM710939;GSM710940;GSM710978;GSM710980;GSM713987;GSM713988;GSM713989;GSM713990;GSM713991;GSM713992;GSM714005;GSM714037;GSM714038;GSM714039;GSM714040;GSM714041;GSM714042;GSM714043
GSE164716,GSE186965,23,100,23,1.0,0.23,complete_containment,37340307,H3K27me3 conditions chemotolerance in triple-negative breast cancer,H3K27me3 conditions chemotolerance  in triple-negative breast cancer [ChIP-reChIP],GSM5664458;GSM5664459;GSM5664460;GSM5664461;GSM5664462;GSM5664463;GSM5664464;GSM5664465;GSM5664466;GSM5664467;GSM5664468;GSM5664469;GSM5664470;GSM5664471;GSM5664472;GSM5664473;GSM5664474;GSM5664475;GSM5664476;GSM5664477;GSM5664478;GSM5664479;GSM5664480
GSE289189,GSE289193,22,22,160,1.0,0.1375,complete_containment,,Histone H4 lysine 20 tri-methylation safeguards breast cancer lineage fidelity and unfolded protein response [Bulk RNA-seq],Histone H4 lysine 20 tri-methylation safeguards breast cancer lineage fidelity and unfolded protein response,GSM8786029;GSM8786030;GSM8786031;GSM8786032;GSM8786033;GSM8786034;GSM8786035;GSM8786036;GSM8786037;GSM8786038;GSM8786039;GSM8786040;GSM8786041;GSM8786042;GSM8786043;GSM8786044;GSM8786045;GSM8786046;GSM8786047;GSM8786048;GSM8786049;GSM8786050
GSE28583,GSE28844,20,20,61,1.0,0.327869,complete_containment,23326553,Differentially expressed genes after treatment with chemotherapy in breast cancer and their correlation with pathologic mid-response (Miller & Payne grade 3),Differentially expressed genes after treatment with chemotherapy in breast cancer and their correlation with pathologic response,GSM706202;GSM706687;GSM706689;GSM706692;GSM706699;GSM706703;GSM706705;GSM706710;GSM706711;GSM706712;GSM707554;GSM707555;GSM707556;GSM707560;GSM707561;GSM707580;GSM707581;GSM707582;GSM707600;GSM707601
GSE164715,GSE164716,19,19,100,1.0,0.19,complete_containment,37340307,H3K27me3 conditions chemotolerance in triple-negative breast cancer [scRNA-seq],H3K27me3 conditions chemotolerance in triple-negative breast cancer,GSM5017686;GSM5017687;GSM5017688;GSM5017689;GSM5017690;GSM5017691;GSM5017692;GSM5017693;GSM5017694;GSM5017695;GSM5017696;GSM5017697;GSM5017698;GSM5017699;GSM5017700;GSM5662564;GSM5662565;GSM5662566;GSM5662567
GSE164716,GSE186966,18,100,18,1.0,0.18,complete_containment,37340307,H3K27me3 conditions chemotolerance in triple-negative breast cancer,H3K27me3 conditions chemotolerance  in triple-negative breast cancer [CUT&TAG],GSM5664481;GSM5664482;GSM5664483;GSM5664484;GSM5664485;GSM5664486;GSM5664487;GSM5664488;GSM5664489;GSM5664490;GSM5664491;GSM5664492;GSM5664493;GSM5664494;GSM5664495;GSM5664496;GSM5664497;GSM5664498
GSE24578,GSE24717,14,14,22,1.0,0.636364,complete_containment,21169407,Basal gene expression of breast cancer cell lines,Using a Stem Cell-Based Signature to Guide Therapeutic Selection in Cancer,GSM605912;GSM605913;GSM605914;GSM605915;GSM605916;GSM605917;GSM605918;GSM605919;GSM605920;GSM605921;GSM605922;GSM605923;GSM605924;GSM605925
GSE164385,GSE164716,13,13,100,1.0,0.13,complete_containment,37340307,H3K27me3 conditions chemotolerance in triple-negative breast cancer [scChIP-seq],H3K27me3 conditions chemotolerance in triple-negative breast cancer,GSM5008855;GSM5008856;GSM5008857;GSM5008858;GSM5008859;GSM5008860;GSM5008861;GSM5008862;GSM5008863;GSM5008864;GSM5008865;GSM5008866;GSM5782059
GSE28694,GSE28844,13,13,61,1.0,0.213115,complete_containment,23326553,Differentially expressed genes after treatment with chemotherapy in breast cancer and their correlation with pathologic good response (Miller & Payne grades 4 and 5),Differentially expressed genes after treatment with chemotherapy in breast cancer and their correlation with pathologic response,GSM710497;GSM710508;GSM710509;GSM710510;GSM710511;GSM710512;GSM710527;GSM710528;GSM710555;GSM710612;GSM710613;GSM710633;GSM710634
GSE178305,GSE178310,12,12,24,1.0,0.5,complete_containment,,Exosomal-microRNA transcriptome profiling of Parental and CSC-like MDA-MB-231 cells in response to cisplatin treatment [NanoString],Exosomal-microRNA transcriptome profiling of Parental and CSC-like MDA-MB-231 cells in response to cisplatin treatment,GSM5387310;GSM5387311;GSM5387312;GSM5387313;GSM5387314;GSM5387315;GSM5387316;GSM5387317;GSM5387318;GSM5387319;GSM5387320;GSM5387321
GSE178307,GSE178310,12,12,24,1.0,0.5,complete_containment,,Exosomal-microRNA transcriptome profiling of Parental and CSC-like MDA-MB-231 cells in response to cisplatin treatment,Exosomal-microRNA transcriptome profiling of Parental and CSC-like MDA-MB-231 cells in response to cisplatin treatment,GSM5387430;GSM5387431;GSM5387432;GSM5387433;GSM5387434;GSM5387435;GSM5387436;GSM5387437;GSM5387438;GSM5387439;GSM5387440;GSM5387441
GSE24716,GSE24717,8,8,22,1.0,0.363636,complete_containment,21169407,Expression data from CD133+ and CD133- glioma cells,Using a Stem Cell-Based Signature to Guide Therapeutic Selection in Cancer,GSM609023;GSM609024;GSM609025;GSM609026;GSM609027;GSM609028;GSM609029;GSM609030
GSE76726,GSE76728,8,8,74,1.0,0.108108,complete_containment,27384960,Tumour sampling method can significantly influence gene expression profiles derived from neoadjuvant window studies I,Tumour sampling method can significantly influence gene expression profiles derived from neoadjuvant window studies,GSM2036646;GSM2036647;GSM2036648;GSM2036649;GSM2036650;GSM2036651;GSM2036652;GSM2036653
GSE14550,GSE14552,6,6,12,1.0,0.5,complete_containment,20616339,Gene expression profiling of MCF7 breast cancer xenografts overexpressing podoplanin (human array),Gene expression profiling of MCF7 breast cancer xenografts overexpressing podoplanin,GSM363978;GSM363979;GSM363980;GSM363981;GSM363982;GSM363983
GSE14551,GSE14552,6,6,12,1.0,0.5,complete_containment,20616339,Gene expression profiling of tumor stroma of MCF7 breast cancer xenografts overexpressing podoplanin (mouse array),Gene expression profiling of MCF7 breast cancer xenografts overexpressing podoplanin,GSM363984;GSM363985;GSM363986;GSM363987;GSM363988;GSM363989
GSE221060,GSE221222,6,6,12,1.0,0.5,complete_containment,39148723,Long noncoding RNA expression profile of chemotherapy-sensitive and resistant breast cancer tissues,ATR/Chk1 interacting lncRNA modulates DNA damage response to induce breast cancer chemoresistance,GSM6841263;GSM6841264;GSM6841265;GSM6841266;GSM6841267;GSM6841268
GSE221061,GSE221222,6,6,12,1.0,0.5,complete_containment,39148723,Long noncoding RNA expression profile of breast cancer tissues pre- and post-neoadjuvant chemotherapy,ATR/Chk1 interacting lncRNA modulates DNA damage response to induce breast cancer chemoresistance,GSM6841269;GSM6841270;GSM6841271;GSM6841272;GSM6841273;GSM6841274
