series_accession,title,summary,overall_design,pubmed_ids,platform_ids,relations,series_types,sample_count,source_file
GSE20194,MAQC-II Project: human breast cancer (BR) data set,"The human breast cancer (BR) data set (endpoints D and E) was contributed by the University of Texas M. D. Anderson Cancer Center (MDACC, Houston, TX, USA). Gene expression data from 230 stage I-III breast cancers were generated from fine needle aspiration specimens of newly diagnosed breast cancers before any therapy. The biopsy specimens were collected sequentially during a prospective pharmacogenomic marker discovery study between 2000 and 2008. These specimens represent 70-90% pure neoplastic cells with minimal stromal contamination. Patients received 6 months of preoperative (neoadjuvant) chemotherapy including paclitaxel, 5-fluorouracil, cyclophosphamide and doxorubicin followed by surgical resection of the cancer. Response to preoperative chemotherapy was categorized as a pathological complete response (pCR = no residual invasive cancer in the breast or lymph nodes) or residual invasive cancer (RD), and used as endpoint D for prediction. Endpoint E is the clinical estrogen-receptor status as established by immunohistochemistry. RNA extraction and gene expression profiling were performed in multiple batches over time using Affymetrix U133A microarrays. Genomic analysis of a subset of this sequentially accrued patient population were reported previously. For each endpoint, the first 130 cases were used as a training set and the next 100 cases were used as an independent validation set.",Gene expression data from 230 stage I-III breast cancers,20064235 | 20676074,GPL96,SubSeries of: GSE16716 | BioProject: https://www.ncbi.nlm.nih.gov/bioproject/PRJNA125695,Expression profiling by array,278,GSE20194_series_matrix.txt.gz
GSE20271,Expression data from breast cancer FNA biopsies from patients,The behavior of breast cancers and their response to different chemotherapy treatments depend on their phenotype which is to a large extent determined by gene expression programs within the cancer cell. | We used gene expression values from 30 probes on affymetrix U133A chips to calculate a score that would predict if a breast cancer is likely to achieve pathological complete response to chemotherapy consisting of T/FAC.,Pre-treatment FNA from primary tumors or axillary lymph node metastases were obtained and RNA extracted and hybridized to afymetrix microarrays according to manufacturer protocol.,20829329 | 23185353,GPL96,BioProject: https://www.ncbi.nlm.nih.gov/bioproject/PRJNA125371,Expression profiling by array,178,GSE20271_series_matrix.txt.gz
GSE22093,Expression data from breast cancer FNA biopsies from patients,"We assess if distinct biological processes might be associated with chemotherapy sensitivity in the different clinical subsets of breast cancers. | We performed gene set analysis (GSA) using functionally annotated gene sets corresponding to almost all known biological processes in ER-positive/HER2negative and ER-negative/HER2-negative breast cancer, respectively.",Pre-treatment FNA from primary tumors were obtained and RNA extracted and hybridized to afymetrix microarrays according to manufacturer protocol.,21191116 | 23185353,GPL96,BioProject: https://www.ncbi.nlm.nih.gov/bioproject/PRJNA128829,Expression profiling by array,103,GSE22093_series_matrix.txt.gz
GSE23988,Expression data from breast cancer FNA biopsies from patients (US samples),"This is Phase II Trial of 4courses of 5-fluorouracil, doxorubicin and cyclophosphamide follwed by 4 additional courses of weekly docetaxel and capecitabine administered as Preoperative Therapy for Patients with Locally Advanced Breast Cancer, Stages II and III by US oncology (PROTOCOL 02-103) | We performed gene set analysis (GSA) using functionally annotated gene sets corresponding to almost all known biological processes in ER-positive/HER2negative and ER-negative/HER2-negative breast cancer, respectively.",Pre-treatment FNA from primary tumors were obtained and RNA extracted and hybridized to afymetrix microarrays according to manufacturer protocol.,21191116,GPL96,BioProject: https://www.ncbi.nlm.nih.gov/bioproject/PRJNA130485,Expression profiling by array,61,GSE23988_series_matrix.txt.gz
GSE25055,Discovery cohort for genomic predictor of response and survival following neoadjuvant taxane-anthracycline chemotherapy in breast cancer,"PURPOSE: To develop a predictive test for response and survival following neoadjuvant taxane-anthracycline chemotherapy for HER2-negative invasive breast cancer. | METHODS: We developed a microarray-based gene expression test from pre-treatment tumor biopsies (310 patients) to predict favorable outcome based on estrogen receptor (ER) status,pathologic response to chemotherapy, 3-year disease outcomes, and sensitivity to endocrine therapy. Tumors were classified as treatment-sensitive if predicted to have pathologic response (and not resistance) to chemotherapy, or sensitive to endocrine therapy. We tested predictive accuracy, with 95% confidence interval (CI), for pathologic response (PPV, positive predictive value), distant relapse-free survival (DRFS), and absolute risk reduction at median follow-up in 198 other patients. Independence from clinical-pathologic factors was assessed in a multivariate Cox regression analysis based on the likelihood ratio test. Other evaluable, published response predictors (genomic grade index (GGI), intrinsic subtype (PAM50), pCR predictor (DLDA30)) were compared.",Neoadjuvant study of 310 HER2-negative breast cancer cases treated with taxane-anthracycline chemotherapy pre-operatively and endocrine therapy if ER-positive.  Response was assessed at the end of neoadjuvant treatment and distant-relapse-free survival was followed for at least 3 years post-surgery.,21558518 | 36293478,GPL96,SubSeries of: GSE25066 | BioProject: https://www.ncbi.nlm.nih.gov/bioproject/PRJNA142759,Expression profiling by array,310,GSE25055_series_matrix.txt.gz
GSE25065,Validation cohort for genomic predictor of response and survival following neoadjuvant taxane-anthracycline chemotherapy in breast cancer,"PURPOSE: To develop a predictive test for response and survival following neoadjuvant taxane-anthracycline chemotherapy for HER2-negative invasive breast cancer. | METHODS: We developed a microarray-based gene expression test from pre-treatment tumor biopsies (310 patients) to predict favorable outcome based on estrogen receptor (ER) status,pathologic response to chemotherapy, 3-year disease outcomes, and sensitivity to endocrine therapy. Tumors were classified as treatment-sensitive if predicted to have pathologic response (and not resistance) to chemotherapy, or sensitive to endocrine therapy. We tested predictive accuracy, with 95% confidence interval (CI), for pathologic response (PPV, positive predictive value), distant relapse-free survival (DRFS), and absolute risk reduction at median follow-up in 198 other patients. Independence from clinical-pathologic factors was assessed in a multivariate Cox regression analysis based on the likelihood ratio test. Other evaluable, published response predictors (genomic grade index (GGI), intrinsic subtype (PAM50), pCR predictor (DLDA30)) were compared.",Neoadjuvant validation cohort of 198 HER2-negative breast cancer cases treated with taxane-anthracycline chemotherapy pre-operatively and endocrine therapy if ER-positive.  Response was assessed at the end of neoadjuvant treatment and distant-relapse-free survival was followed for at least 3 years post-surgery.,21558518 | 36293478,GPL96,SubSeries of: GSE25066 | BioProject: https://www.ncbi.nlm.nih.gov/bioproject/PRJNA142731,Expression profiling by array,198,GSE25065_series_matrix.txt.gz
GSE32646,GSTP1 expression predicts poor pathological complete response to neoadjuvant chemotherapy in ER-negative breast cancer,"The purpose of the present study was to investigate the association of glutathione S-transferase P1 (GSTP1) expression with resistance to neoadjuvant paclitaxel followed by 5-fluorouracil/epirubicin/cyclophosphamide (P-FEC) in human breast cancers. The relationship of GSTP1 expression and GSTP1 promoter hypermethylation with intrinsic subtypes was also investigated. In this study, primary breast cancer patients (n = 123, stage II-III) treated with neoadjuvant P-FEC were analyzed. Tumor samples were obtained by vacuum-assisted core biopsy before P-FEC. GSTP1 expression was determined using immunohistochemistry, GSTP1 promoter methylation index (MI) using bisulfite methylation assay and intrinsic subtypes using DNA microarray. The pathological complete response (pCR) rate was significantly higher in GSTP1-negative tumors (80.0%) than GSTP1-positive tumors (30.6%) (P = 0.009) among estrogen receptor (ER)-negative tumors but not among ER-positive tumors (P = 0.267). Multivariate analysis showed that GSTP1 was the only predictive factor for pCR (P = 0.013) among ER-negative tumors. Luminal A, luminal B and HER2-enriched tumors showed a significantly lower GSTP1 positivity than basal-like tumors (P = 0.002, P < 0.001 and P = 0.009, respectively), while luminal A, luminal B and HER2-enriched tumors showed a higher GSTP1 MI than basal-like tumors (P = 0.076, P < 0.001 and P < 0.001, respectively). In conclusion, these results suggest the possibility that GSTP1 expression can predict pathological response to P-FEC in ER-negative tumors but not in ER-positive tumors. Additionally, GSTP1 promoter hypermethylation might be implicated more importantly in the pathogenesis of luminal A, luminal B and HER2-enriched tumors than basal-like tumors.",Fresh frozen tumor samples obtained by vacuum-assisted core biopsy from one hundred and fifteen patients were subjected to RNA extraction and hybridization on Affymetrix microarrays.,22320227,GPL570,BioProject: https://www.ncbi.nlm.nih.gov/bioproject/PRJNA146953,Expression profiling by array,115,GSE32646_series_matrix.txt.gz
GSE34138,"SERPINA6, BEX1, AGTR1, SLC26A3, and LAPTM4B are markers of resistance to neoadjuvant chemotherapy in HER2-negative breast cancer","Abstract | Introduction | Response rates to chemotherapy remain highly variable in breast cancer patients. We set out to identify genes associated with chemotherapy resistance. We analyzed what is currently the largest single-institute set of gene expression profiles derived from breast cancers prior to a single neoadjuvant chemotherapy regimen (dose-dense doxorubicine and cyclophophamide).  | Methods | We collected, gene expression-profiled and analyzed 178 HER2-negative breast tumor biopsies (‘NKI dataset’). We employed a recently developed approach for detecting imbalanced differential signal (DIDS) in order to identify markers of resistance to treatment. In contrast to traditional methods, DIDS is able to identify markers that show aberrant expression in only a small subgroup of the non-responder samples.  | Results | We found a number of markers of resistance to anthracycline-based chemotherapy. We validated our findings by the analysis of three external datasets, which contained 456 HER2-negative samples in total. Since these external sets included patients who received differing treatment regimens we could only validate markers of general chemotherapy resistance. There was a highly significant overlap in the markers identified in the NKI dataset and the other three datasets. Five resistance markers, SERPINA6, BEX1, AGTR1, SLC26A3, and LAPTM4B, were identified in three of the four datasets (p-value overlap <1e-6). These five genes identified resistant tumors that could not have been identified by merely taking ER-status or proliferation into account. | Conclusion | The identification of these genes might lead to a better understanding of the mechanisms involved in (clinically) observed chemotherapy resistance and could possibly assist in the recognition of breast cancers in which chemotherapy does not contribute to response or survival.","We collected, gene expression profiled and analyzed 178 HER2-negative breast tumor biopsies, obtained from patients scheduled to undergo neoadjuvant therapy.",23203637 | 28919995,GPL6884,BioProject: https://www.ncbi.nlm.nih.gov/bioproject/PRJNA150065,Expression profiling by array,178,GSE34138_series_matrix.txt.gz
GSE41998,Biomarker analysis of neoadjuvant Doxorubicin/Cyclophosphamide followed by Ixabepilone or Paclitaxel in early-stage breast cancer,"A randomized, open-label, multicenter, phase II trial (NCT00455533) enrolled previously untreated women with histologically-confirmed primary invasive breast adenocarcinoma (T2–3, N0–3, M0, tumor size ≥2.0 cm), regardless of hormone receptor or HER2 expression status. Patients received sequential neoadjuvant therapy starting with 4 cycles of AC (doxorubicin 60 mg/m2 intravenously and cyclophosphamide 600 mg/m2 intravenously) given every 3 weeks, followed by 1:1 randomization to either ixabepilone (40 mg/m2 3-hour infusion) every 3 weeks for 4 cycles, or paclitaxel (80 mg/m2 1-hour infusion) weekly for 12 weeks. | Fresh tumor biopsies at screening were a mandatory prerequisite for study entry for biomarker analyses. Gene expression profiling was performed by Affymetrix GeneChip to determine if pre-specified gene models could distinguish between the clinical activity of two microtubule stabilizing agents, ixabepilone and paclitaxel.","Three core needle tumor tissue biopsies were obtained from all subjects before neoadjuvant therapy with AC and immediately combined in RNAlater® solution for subsequent RNA extraction, cRNA labeling and gene expression profiling.  Pre-specified gene models were tested for their capacity to distinguish pathologic complete response rates between the AC followed by ixabepilone versus the AC followed by paclitaxel treatment regimens. | All samples were collected prior to treatment.  All subject received cyclophosphamide/doxorubicin (AC) prior to randomization to either Ixabepilone or Paclitaxel.",23340299,GPL571,BioProject: https://www.ncbi.nlm.nih.gov/bioproject/PRJNA178709,Expression profiling by array,279,GSE41998_series_matrix.txt.gz
GSE42822,Expression data from breast cancer FNA biopsies from patients ( (USO samples),Tumor samples were obtained from patients with stage II-III breast cancer before starting neoadjuvant chemotherapy with four cycles of 5-fluorouracil/epirubicin/cyclophosphamide (FEC) followed by four cycles of docetaxel/capecitabine (TX) on US Oncology clinical trial 02-103. Most patients with HER-2-positive cancer also received trastuzumab (H).,Pre-treatment FNA from primary tumors were obtained and RNA extracted and hybridized to affymetrix microarrays according to manufacturer protocol.,23158478,GPL96,BioProject: https://www.ncbi.nlm.nih.gov/bioproject/PRJNA183526,Expression profiling by array,91,GSE42822_series_matrix.txt.gz
GSE50948,Expression Data from transNOAH breast cancer trial,These data can be used for evaluation of the clinical utility of the research-based PAM50 subtype predictor in predicting pathological complete response (pCR) and event-free survival (EFS) in women enrolled in the NeOAdjuvant Herceptin (NOAH) trial. | The NeOAdjuvant Herceptin [NOAH] trial demonstrated that trastuzumab significantly improves pCR rates and 3-year event-free survival (EFS) in combination with neoadjuvant chemotherapy compared with neoadjuvant chemotherapy alone in patients with HER2+ breast cancer.,"Gene expression profiling was performed using RNA from formalin-fixed paraffin-embedded core biopsies from 114 pre-treated patients with HER2-positive (HER2+) tumors randomized to receive neoadjuvant doxorubicin/paclitaxel (AT) followed by cyclophosphamide/methotrexate/fluorouracil (CMF), or the same regimen in combination with trastuzumab for 1 year. A control cohort of 42 patients with HER2-negative tumors treated with AT-CMF was also included. | This dataset represents 156 patients who had provided the samples at baseline (pre-treatment).",24443618,GPL570,BioProject: https://www.ncbi.nlm.nih.gov/bioproject/PRJNA219444,Expression profiling by array,156,GSE50948_series_matrix.txt.gz
