alias,series_count,sample_mentions
m157,2,3
m196,2,3
m214,2,3
m113,2,3
m154,2,3
m165,2,3
m153,2,3
m220,2,3
m228,2,3
m177,2,3
m130,2,3
m180,2,3
m121,2,3
m155,2,3
m128,2,3
m227,2,3
m156,2,3
m111,2,3
m201,2,3
m188,2,3
m158,2,3
m226,2,3
m199,2,3
m215,2,3
m136,2,3
m206,2,3
m211,2,3
m217,2,3
m216,2,3
m139,2,3
m117,2,3
m106,2,3
m123,2,3
m205,2,3
m182,2,3
m133,2,3
m189,2,3
m181,2,3
m236,2,3
m246,2,3
m280,2,3
m266,2,3
m231,2,3
m270,2,3
m259,2,3
m301,2,3
m234,2,3
m310,2,3
m260,2,3
m255,2,3
m304,2,3
m233,2,3
m297,2,3
m295,2,3
m282,2,3
m261,2,3
m333,2,3
m402,2,3
m386,2,3
m375,2,3
m323,3,4
m442,2,3
peru1416,3,5
m523,2,3
m315,3,4
m399,3,4
m524,2,3
m353,2,3
m534,2,3
m447,3,4
m356,2,3
m367,2,3
m120,2,3
peru11,2,4
m107,3,4
m343,3,4
m485,3,4
m373,2,3
m463,2,3
m357,2,3
peru08,2,3
peru1214,3,5
m384,3,4
m497,2,3
peru07,3,4
m503,2,3
m129,2,3
m421,2,3
m146,2,3
m506,2,3
peru09,3,4
m525,2,3
m469,2,3
m341,2,3
m434,2,3
m334,2,3
peru01,3,4
peru53,4,6
peru55,2,3
us134,2,3
m195,2,3
m263,2,3
m281,2,3
m283,2,3
m319,3,4
m332,3,4
m339,2,3
m340,3,4
m345,2,3
m355,2,3
m360,2,3
m363,2,3
m365,3,4
m396,2,3
m411,2,3
m417,2,3
m423,3,4
m425,2,3
m430,2,3
m431,2,3
m433,2,3
m486,2,3
m502,3,4
m507,2,3
m513,3,4
m531,2,3
m545,3,4
m549,2,3
m556,2,3
m557,2,3
m558,2,3
m559,2,3
m564,2,3
m566,2,3
m571,2,3
m578,2,3
m583,2,3
m599,2,3
m607,2,3
m610,2,3
m612,2,3
m617,2,3
m619,2,3
m642,2,3
m643,2,3
m647,3,4
m651,2,3
m652,2,3
m657,3,4
m658,2,3
m659,2,3
m661,2,3
m662,2,3
m665,2,3
m666,2,3
m668,2,3
m669,2,3
m670,2,3
m671,2,3
m673,3,4
m675,2,3
m679,2,3
m681,2,3
m682,2,3
m683,2,3
m685,3,4
m690,3,4
m692,2,3
m693,2,3
m695,2,3
m696,2,3
m709,2,3
m710,3,4
m714,2,3
m717,2,3
m718,3,4
m723,2,3
m725,3,4
m728,2,3
m732,2,3
m734,2,3
m744,2,3
m746,3,4
m753,3,4
m765,2,3
m767,2,3
m774,2,3
m781,2,3
m782,2,3
m784,2,3
m795,2,3
m806,2,3
spain30,2,3
spain32,2,3
spain49,2,3
peru1618,2,3
lbj038,2,3
peru50,2,3
lbj016,2,3
peru38,3,4
peru73,2,3
peru72,2,3
peru44,3,4
peru57,2,3
peru69,2,3
peru61,2,3
peru05,2,3
peru02,2,3
peru21,3,4
spain57,2,3
spain48,2,3
spain45,2,3
spain53,2,3
spain27,2,3
spain13,2,3
spain46,2,3
m565,2,3
peru37,2,3
peru23,2,3
peru52,2,3
peru26,2,3
peru28,2,3
peru48,2,3
peru42,2,3
peru54,2,3
peru40,2,3
lbj047,2,3
peru56,2,3
lbj046,2,3
spain51,2,3
spain12,2,3
spain41,2,3
m625,2,3
lbj054,2,3
peru76,2,3
lbj082,2,3
lbj070,2,3
