series_a,series_b,candidate_links,shared_pubmed_ids,title_a,title_b
GSE43807,GSE56259,99,,The expression profile of ABC transporter genes in post-treatment breast carcinomas,The expression profile of cytochromes P450 (CYPs) and aldo-keto reductases (AKRs) in post-treatment breast carcinomas
GSE181466,GSE181548,97,,RNAseq of a Triple-Negative Breast Cancer Cohort Treated with Neoadjuvant Carboplatin and Docetaxel According to Lehmann's Refined Classification,Pam50 of a Triple-Negative Breast Cancer Cohort Treated with Neoadjuvant Carboplatin and Docetaxel According to Lehmann's Refined Classification
GSE23988,GSE42822,60,,Expression data from breast cancer FNA biopsies from patients (US samples),Expression data from breast cancer FNA biopsies from patients ( (USO samples)
GSE264252,GSE291966,34,,Targeting neddylation and sumoylation in chemoresistant triple negative breast cancer,An annotated biobank of triple negative breast cancer patient-derived xenografts featuring treatment-naïve and longitudinal samples throughout neoadjuvant chemotherapy
GSE267543,GSE85206,17,,Integrative miRNOMe profiling reveals the miR-195-5p-CHEK1 axis and its impact on luminal breast cancer outcomes ,Expression of oxysterol pathway genes in estrogen positive breast carcinomas-second phase
GSE20271,GSE22093,13,23185353,Expression data from breast cancer FNA biopsies from patients,Expression data from breast cancer FNA biopsies from patients
GSE132207,GSE132513,9,34403459,Epigenetic remodelling of enhancers in response to estrogen deprivation and re-stimulation [RNA-Seq],Epigenetic remodelling of enhancers in response to estrogen deprivation and re-stimulation [methylArray]
GSE307574,GSE310422,1,41272064,Determinants of long-term response to patritumab deruxtecan (HER3-DXd) in breast cancer patient-derived xenografts,Determinants of long-term response to patritumab deruxtecan (HER3-DXd) in breast cancer patient-derived xenografts [NanoString]
GSE10886,GSE10893,1,,A Supervised Risk Predictor of Breast Cancer Based on Biological Subtypes,"Basal-like Breast Cancer DNA copy number losses identify genes involved in genomic instability, response to therapy, and patient survival"
GSE10886,GSE18229,1,,A Supervised Risk Predictor of Breast Cancer Based on Biological Subtypes,Phenotypic and Molecular Characterization of the Claudin-low Intrinsic Subtype of Breast Cancer
GSE10886,GSE20624,1,,A Supervised Risk Predictor of Breast Cancer Based on Biological Subtypes,Breast Carcinomas arising at a Young Age:  A Unique Biology or a Surrogate for Aggressive Intrinsic Subtypes.
GSE10886,GSE26338,1,,A Supervised Risk Predictor of Breast Cancer Based on Biological Subtypes,"Genomic analysis identifies unique signatures predictive of brain, lung, and liver relapse"
GSE10893,GSE18229,1,,"Basal-like Breast Cancer DNA copy number losses identify genes involved in genomic instability, response to therapy, and patient survival",Phenotypic and Molecular Characterization of the Claudin-low Intrinsic Subtype of Breast Cancer
GSE10893,GSE20624,1,,"Basal-like Breast Cancer DNA copy number losses identify genes involved in genomic instability, response to therapy, and patient survival",Breast Carcinomas arising at a Young Age:  A Unique Biology or a Surrogate for Aggressive Intrinsic Subtypes.
GSE10893,GSE26338,1,,"Basal-like Breast Cancer DNA copy number losses identify genes involved in genomic instability, response to therapy, and patient survival","Genomic analysis identifies unique signatures predictive of brain, lung, and liver relapse"
GSE18229,GSE20624,1,,Phenotypic and Molecular Characterization of the Claudin-low Intrinsic Subtype of Breast Cancer,Breast Carcinomas arising at a Young Age:  A Unique Biology or a Surrogate for Aggressive Intrinsic Subtypes.
GSE18229,GSE26338,1,,Phenotypic and Molecular Characterization of the Claudin-low Intrinsic Subtype of Breast Cancer,"Genomic analysis identifies unique signatures predictive of brain, lung, and liver relapse"
GSE20624,GSE26338,1,,Breast Carcinomas arising at a Young Age:  A Unique Biology or a Surrogate for Aggressive Intrinsic Subtypes.,"Genomic analysis identifies unique signatures predictive of brain, lung, and liver relapse"
