component_id,sample_accession,series_accession,sample_title,component_size,series_count
IDG0001,GSM505489,GSE20194,BR_FNA_PERU53,4,4
IDG0001,GSM508054,GSE20271,breast cancer PERU53,4,4
IDG0001,GSM549311,GSE22093,breast cancer PERU53,4,4
IDG0001,GSM615804,GSE25065,PERU53,4,4
IDG0002,GSM505448,GSE20194,BR_FNA_M323,3,3
IDG0002,GSM508123,GSE20271,breast cancer 323,3,3
IDG0002,GSM615247,GSE25055,M323,3,3
IDG0003,GSM505450,GSE20194,BR_FNA_PERU14-16,3,3
IDG0003,GSM508163,GSE20271,breast cancer PERU14-16,3,3
IDG0003,GSM615405,GSE25055,PERU14_16,3,3
IDG0004,GSM505452,GSE20194,BR_FNA_M315,3,3
IDG0004,GSM508129,GSE20271,breast cancer 315,3,3
IDG0004,GSM615245,GSE25055,M315,3,3
IDG0005,GSM505453,GSE20194,BR_FNA_M399,3,3
IDG0005,GSM508130,GSE20271,breast cancer 399,3,3
IDG0005,GSM615269,GSE25055,M399,3,3
IDG0006,GSM505457,GSE20194,BR_FNA_M447,3,3
IDG0006,GSM508172,GSE20271,breast cancer 447,3,3
IDG0006,GSM615281,GSE25055,M447,3,3
IDG0007,GSM505464,GSE20194,BR_FNA_M107,3,3
IDG0007,GSM508128,GSE20271,breast cancer 107,3,3
IDG0007,GSM615180,GSE25055,M107,3,3
IDG0008,GSM505465,GSE20194,BR_FNA_M343,3,3
IDG0008,GSM508124,GSE20271,breast cancer 343,3,3
IDG0008,GSM615254,GSE25055,M343,3,3
IDG0009,GSM505466,GSE20194,BR_FNA_M485,3,3
IDG0009,GSM508116,GSE20271,breast cancer 485,3,3
IDG0009,GSM615284,GSE25055,M485,3,3
IDG0010,GSM505471,GSE20194,BR_FNA_PERU12-14,3,3
IDG0010,GSM508127,GSE20271,breast cancer PERU12-14,3,3
IDG0010,GSM615404,GSE25055,PERU12_14,3,3
IDG0011,GSM505472,GSE20194,BR_FNA_M384,3,3
IDG0011,GSM508133,GSE20271,breast cancer 384,3,3
IDG0011,GSM615266,GSE25055,M384,3,3
IDG0012,GSM505474,GSE20194,BR_FNA_PERU07,3,3
IDG0012,GSM508120,GSE20271,breast cancer PERU07,3,3
IDG0012,GSM615401,GSE25055,PERU07,3,3
IDG0013,GSM505480,GSE20194,BR_FNA_PERU09,3,3
IDG0013,GSM508121,GSE20271,breast cancer PERU09,3,3
IDG0013,GSM615402,GSE25055,PERU09,3,3
IDG0014,GSM505488,GSE20194,BR_FNA_PERU01,3,3
IDG0014,GSM508122,GSE20271,breast cancer PERU01,3,3
IDG0014,GSM615400,GSE25055,PERU01,3,3
IDG0015,GSM505512,GSE20194,BR_FNA_M319,3,3
IDG0015,GSM508180,GSE20271,breast cancer 319,3,3
IDG0015,GSM615246,GSE25055,M319,3,3
IDG0016,GSM505513,GSE20194,BR_FNA_M332,3,3
IDG0016,GSM508118,GSE20271,breast cancer 332,3,3
IDG0016,GSM615248,GSE25055,M332,3,3
IDG0017,GSM505515,GSE20194,BR_FNA_M340,3,3
IDG0017,GSM508175,GSE20271,breast cancer 340,3,3
IDG0017,GSM615252,GSE25055,M340,3,3
IDG0018,GSM505520,GSE20194,BR_FNA_M365,3,3
IDG0018,GSM508125,GSE20271,breast cancer 365,3,3
IDG0018,GSM615262,GSE25055,M365,3,3
IDG0019,GSM505526,GSE20194,BR_FNA_M423,3,3
IDG0019,GSM508119,GSE20271,breast cancer 423,3,3
IDG0019,GSM615274,GSE25055,M423,3,3
IDG0020,GSM505533,GSE20194,BR_FNA_M502,3,3
IDG0020,GSM508188,GSE20271,breast cancer 502,3,3
IDG0020,GSM615287,GSE25055,M502,3,3
IDG0021,GSM505535,GSE20194,BR_FNA_M513,3,3
IDG0021,GSM508173,GSE20271,breast cancer 513,3,3
IDG0021,GSM615291,GSE25055,M513,3,3
IDG0022,GSM505537,GSE20194,BR_FNA_M545,3,3
IDG0022,GSM508176,GSE20271,breast cancer 545,3,3
IDG0022,GSM615297,GSE25055,M545,3,3
IDG0023,GSM505558,GSE20194,BR_FNA_M647,3,3
IDG0023,GSM508132,GSE20271,breast cancer 647,3,3
IDG0023,GSM615330,GSE25055,M647,3,3
IDG0024,GSM505561,GSE20194,BR_FNA_M657,3,3
IDG0024,GSM508183,GSE20271,breast cancer 657,3,3
IDG0024,GSM615333,GSE25055,M657,3,3
IDG0025,GSM505572,GSE20194,BR_FNA_M673,3,3
IDG0025,GSM508139,GSE20271,breast cancer 673,3,3
IDG0025,GSM615344,GSE25055,M673,3,3
IDG0026,GSM505578,GSE20194,BR_FNA_M685,3,3
IDG0026,GSM508186,GSE20271,breast cancer 685,3,3
IDG0026,GSM615351,GSE25055,M685,3,3
IDG0027,GSM505579,GSE20194,BR_FNA_M690,3,3
IDG0027,GSM508184,GSE20271,breast cancer 690,3,3
IDG0027,GSM615352,GSE25055,M690,3,3
IDG0028,GSM505585,GSE20194,BR_FNA_M710,3,3
IDG0028,GSM508185,GSE20271,breast cancer 710,3,3
IDG0028,GSM615360,GSE25055,M710,3,3
IDG0029,GSM505588,GSE20194,BR_FNA_M718,3,3
IDG0029,GSM508182,GSE20271,breast cancer 718,3,3
IDG0029,GSM615363,GSE25055,M718,3,3
IDG0030,GSM505590,GSE20194,BR_FNA_M725,3,3
IDG0030,GSM508027,GSE20271,breast cancer 725,3,3
IDG0030,GSM615366,GSE25055,M725,3,3
IDG0031,GSM505595,GSE20194,BR_FNA_M746,3,3
IDG0031,GSM508187,GSE20271,breast cancer 746,3,3
IDG0031,GSM615374,GSE25055,M746,3,3
IDG0032,GSM505596,GSE20194,BR_FNA_M753,3,3
IDG0032,GSM508189,GSE20271,breast cancer 753,3,3
IDG0032,GSM615377,GSE25055,M753,3,3
IDG0033,GSM508044,GSE20271,breast cancer PERU38,3,3
IDG0033,GSM549307,GSE22093,breast cancer PERU38,3,3
IDG0033,GSM615797,GSE25065,PERU38,3,3
IDG0034,GSM508047,GSE20271,breast cancer PERU44,3,3
IDG0034,GSM549309,GSE22093,breast cancer PERU44,3,3
IDG0034,GSM615800,GSE25065,PERU44,3,3
IDG0035,GSM508059,GSE20271,breast cancer PERU21,3,3
IDG0035,GSM549302,GSE22093,breast cancer PERU21,3,3
IDG0035,GSM615792,GSE25065,PERU21,3,3
IDG0036,GSM1050577,GSE42822,breast cancer US001,2,2
IDG0036,GSM590841,GSE23988,breast cancer US001,2,2
IDG0037,GSM1050578,GSE42822,breast cancer US005,2,2
IDG0037,GSM590842,GSE23988,breast cancer US005,2,2
IDG0038,GSM1050579,GSE42822,breast cancer US011,2,2
IDG0038,GSM590843,GSE23988,breast cancer US011,2,2
IDG0039,GSM1050580,GSE42822,breast cancer US014,2,2
IDG0039,GSM590844,GSE23988,breast cancer US014,2,2
IDG0040,GSM1050582,GSE42822,breast cancer US019,2,2
IDG0040,GSM590845,GSE23988,breast cancer US019,2,2
IDG0041,GSM1050584,GSE42822,breast cancer US022,2,2
IDG0041,GSM590846,GSE23988,breast cancer US022,2,2
IDG0042,GSM1050585,GSE42822,breast cancer US023,2,2
IDG0042,GSM590847,GSE23988,breast cancer US023,2,2
IDG0043,GSM1050586,GSE42822,breast cancer US024,2,2
IDG0043,GSM590848,GSE23988,breast cancer US024,2,2
IDG0044,GSM1050587,GSE42822,breast cancer US026,2,2
IDG0044,GSM590849,GSE23988,breast cancer US026,2,2
IDG0045,GSM1050588,GSE42822,breast cancer US032,2,2
IDG0045,GSM590850,GSE23988,breast cancer US032,2,2
IDG0046,GSM1050589,GSE42822,breast cancer US033,2,2
IDG0046,GSM590851,GSE23988,breast cancer US033,2,2
IDG0047,GSM1050590,GSE42822,breast cancer US034,2,2
IDG0047,GSM590852,GSE23988,breast cancer US034,2,2
IDG0048,GSM1050591,GSE42822,breast cancer US037,2,2
IDG0048,GSM590853,GSE23988,breast cancer US037,2,2
IDG0049,GSM1050592,GSE42822,breast cancer US038,2,2
IDG0049,GSM590854,GSE23988,breast cancer US038,2,2
IDG0050,GSM1050593,GSE42822,breast cancer US047,2,2
IDG0050,GSM590855,GSE23988,breast cancer US047,2,2
IDG0051,GSM1050594,GSE42822,breast cancer US049,2,2
IDG0051,GSM590856,GSE23988,breast cancer US049,2,2
IDG0052,GSM1050595,GSE42822,breast cancer US051,2,2
IDG0052,GSM590857,GSE23988,breast cancer US051,2,2
IDG0053,GSM1050596,GSE42822,breast cancer US054,2,2
IDG0053,GSM590858,GSE23988,breast cancer US054,2,2
IDG0054,GSM1050597,GSE42822,breast cancer US055,2,2
IDG0054,GSM590859,GSE23988,breast cancer US055,2,2
IDG0055,GSM1050598,GSE42822,breast cancer US057,2,2
IDG0055,GSM590860,GSE23988,breast cancer US057,2,2
IDG0056,GSM1050601,GSE42822,breast cancer US067,2,2
IDG0056,GSM590861,GSE23988,breast cancer US067,2,2
IDG0057,GSM1050602,GSE42822,breast cancer US071,2,2
IDG0057,GSM590862,GSE23988,breast cancer US071,2,2
IDG0058,GSM1050603,GSE42822,breast cancer US072,2,2
IDG0058,GSM590863,GSE23988,breast cancer US072,2,2
IDG0059,GSM1050605,GSE42822,breast cancer US074,2,2
IDG0059,GSM590864,GSE23988,breast cancer US074,2,2
IDG0060,GSM1050606,GSE42822,breast cancer US080,2,2
IDG0060,GSM590865,GSE23988,breast cancer US080,2,2
IDG0061,GSM1050607,GSE42822,breast cancer US082,2,2
IDG0061,GSM590866,GSE23988,breast cancer US082,2,2
IDG0062,GSM1050608,GSE42822,breast cancer US084,2,2
IDG0062,GSM590867,GSE23988,breast cancer US084,2,2
IDG0063,GSM1050609,GSE42822,breast cancer US087,2,2
IDG0063,GSM590868,GSE23988,breast cancer US087,2,2
IDG0064,GSM1050610,GSE42822,breast cancer US088,2,2
IDG0064,GSM590869,GSE23988,breast cancer US088,2,2
IDG0065,GSM1050611,GSE42822,breast cancer US089,2,2
IDG0065,GSM590870,GSE23988,breast cancer US089,2,2
IDG0066,GSM1050612,GSE42822,breast cancer US090,2,2
IDG0066,GSM590871,GSE23988,breast cancer US090,2,2
IDG0067,GSM1050615,GSE42822,breast cancer US096,2,2
IDG0067,GSM590872,GSE23988,breast cancer US096,2,2
IDG0068,GSM1050616,GSE42822,breast cancer US099,2,2
IDG0068,GSM590873,GSE23988,breast cancer US099,2,2
IDG0069,GSM1050617,GSE42822,breast cancer US100,2,2
IDG0069,GSM590874,GSE23988,breast cancer US100,2,2
IDG0070,GSM1050619,GSE42822,breast cancer US103,2,2
IDG0070,GSM590875,GSE23988,breast cancer US103,2,2
IDG0071,GSM1050620,GSE42822,breast cancer US104,2,2
IDG0071,GSM590876,GSE23988,breast cancer US104,2,2
IDG0072,GSM1050621,GSE42822,breast cancer US107,2,2
IDG0072,GSM590877,GSE23988,breast cancer US107,2,2
IDG0073,GSM1050622,GSE42822,breast cancer US108,2,2
IDG0073,GSM590878,GSE23988,breast cancer US108,2,2
IDG0074,GSM1050623,GSE42822,breast cancer US110,2,2
IDG0074,GSM590879,GSE23988,breast cancer US110,2,2
IDG0075,GSM1050624,GSE42822,breast cancer US111,2,2
IDG0075,GSM590880,GSE23988,breast cancer US111,2,2
IDG0076,GSM1050625,GSE42822,breast cancer US112,2,2
IDG0076,GSM590881,GSE23988,breast cancer US112,2,2
IDG0077,GSM1050627,GSE42822,breast cancer US116,2,2
IDG0077,GSM590882,GSE23988,breast cancer US116,2,2
IDG0078,GSM1050628,GSE42822,breast cancer US117,2,2
IDG0078,GSM590883,GSE23988,breast cancer US117,2,2
IDG0079,GSM1050629,GSE42822,breast cancer US118,2,2
IDG0079,GSM590884,GSE23988,breast cancer US118,2,2
IDG0080,GSM1050630,GSE42822,breast cancer US122,2,2
IDG0080,GSM590885,GSE23988,breast cancer US122,2,2
IDG0081,GSM1050631,GSE42822,breast cancer US128,2,2
IDG0081,GSM590886,GSE23988,breast cancer US128,2,2
IDG0082,GSM1050632,GSE42822,breast cancer US132,2,2
IDG0082,GSM590888,GSE23988,breast cancer US132,2,2
IDG0083,GSM1050633,GSE42822,breast cancer US135,2,2
IDG0083,GSM590889,GSE23988,breast cancer US135,2,2
IDG0084,GSM1050634,GSE42822,breast cancer US141,2,2
IDG0084,GSM590890,GSE23988,breast cancer US141,2,2
IDG0085,GSM1050635,GSE42822,breast cancer US143,2,2
IDG0085,GSM590891,GSE23988,breast cancer US143,2,2
IDG0086,GSM1050636,GSE42822,breast cancer US151,2,2
IDG0086,GSM590893,GSE23988,breast cancer US151,2,2
IDG0087,GSM1050637,GSE42822,breast cancer US154,2,2
IDG0087,GSM590894,GSE23988,breast cancer US154,2,2
IDG0088,GSM1050638,GSE42822,breast cancer US158,2,2
IDG0088,GSM590895,GSE23988,breast cancer US158,2,2
IDG0089,GSM1050639,GSE42822,breast cancer US160,2,2
IDG0089,GSM590896,GSE23988,breast cancer US160,2,2
IDG0090,GSM1050640,GSE42822,breast cancer US165,2,2
IDG0090,GSM590897,GSE23988,breast cancer US165,2,2
IDG0091,GSM1050641,GSE42822,breast cancer US166,2,2
IDG0091,GSM590898,GSE23988,breast cancer US166,2,2
IDG0092,GSM1050646,GSE42822,breast cancer US131,2,2
IDG0092,GSM590887,GSE23988,breast cancer US131,2,2
IDG0093,GSM1050647,GSE42822,breast cancer US134,2,2
IDG0093,GSM505494,GSE20194,BR_FNA_US134,2,2
IDG0094,GSM1050650,GSE42822,breast cancer US144,2,2
IDG0094,GSM590892,GSE23988,breast cancer US144,2,2
IDG0095,GSM1050656,GSE42822,breast cancer US168,2,2
IDG0095,GSM590899,GSE23988,breast cancer US168,2,2
IDG0096,GSM1050666,GSE42822,breast cancer US186,2,2
IDG0096,GSM590900,GSE23988,breast cancer US186,2,2
IDG0097,GSM505327,GSE20194,BR_FNA_M157,2,2
IDG0097,GSM615198,GSE25055,M157,2,2
IDG0098,GSM505328,GSE20194,BR_FNA_M196,2,2
IDG0098,GSM615208,GSE25055,M196,2,2
IDG0099,GSM505330,GSE20194,BR_FNA_M214,2,2
IDG0099,GSM615214,GSE25055,M214,2,2
IDG0100,GSM505331,GSE20194,BR_FNA_M113,2,2
IDG0100,GSM615182,GSE25055,M113,2,2
IDG0101,GSM505333,GSE20194,BR_FNA_M154,2,2
IDG0101,GSM615195,GSE25055,M154,2,2
IDG0102,GSM505334,GSE20194,BR_FNA_M165,2,2
IDG0102,GSM615200,GSE25055,M165,2,2
IDG0103,GSM505336,GSE20194,BR_FNA_M153,2,2
IDG0103,GSM615194,GSE25055,M153,2,2
IDG0104,GSM505337,GSE20194,BR_FNA_M220,2,2
IDG0104,GSM615219,GSE25055,M220,2,2
IDG0105,GSM505338,GSE20194,BR_FNA_M228,2,2
IDG0105,GSM615222,GSE25055,M228,2,2
IDG0106,GSM505339,GSE20194,BR_FNA_M177,2,2
IDG0106,GSM615201,GSE25055,M177,2,2
IDG0107,GSM505343,GSE20194,BR_FNA_M130,2,2
IDG0107,GSM615189,GSE25055,M130,2,2
IDG0108,GSM505344,GSE20194,BR_FNA_M180,2,2
IDG0108,GSM615202,GSE25055,M180,2,2
IDG0109,GSM505345,GSE20194,BR_FNA_M121,2,2
IDG0109,GSM615185,GSE25055,M121,2,2
IDG0110,GSM505346,GSE20194,BR_FNA_M155,2,2
IDG0110,GSM615196,GSE25055,M155,2,2
IDG0111,GSM505347,GSE20194,BR_FNA_M128,2,2
IDG0111,GSM615187,GSE25055,M128,2,2
IDG0112,GSM505348,GSE20194,BR_FNA_M227,2,2
IDG0112,GSM615221,GSE25055,M227,2,2
IDG0113,GSM505350,GSE20194,BR_FNA_M156,2,2
IDG0113,GSM615197,GSE25055,M156,2,2
IDG0114,GSM505351,GSE20194,BR_FNA_M111,2,2
IDG0114,GSM615181,GSE25055,M111,2,2
IDG0115,GSM505352,GSE20194,BR_FNA_M201,2,2
IDG0115,GSM615210,GSE25055,M201,2,2
IDG0116,GSM505353,GSE20194,BR_FNA_M188,2,2
IDG0116,GSM615205,GSE25055,M188,2,2
IDG0117,GSM505354,GSE20194,BR_FNA_M158,2,2
IDG0117,GSM615199,GSE25055,M158,2,2
IDG0118,GSM505355,GSE20194,BR_FNA_M226,2,2
IDG0118,GSM615220,GSE25055,M226,2,2
IDG0119,GSM505356,GSE20194,BR_FNA_M199,2,2
IDG0119,GSM615209,GSE25055,M199,2,2
IDG0120,GSM505357,GSE20194,BR_FNA_M215,2,2
IDG0120,GSM615215,GSE25055,M215,2,2
IDG0121,GSM505358,GSE20194,BR_FNA_M136,2,2
IDG0121,GSM615191,GSE25055,M136,2,2
IDG0122,GSM505359,GSE20194,BR_FNA_M206,2,2
IDG0122,GSM615212,GSE25055,M206,2,2
IDG0123,GSM505360,GSE20194,BR_FNA_M211,2,2
IDG0123,GSM615213,GSE25055,M211,2,2
IDG0124,GSM505361,GSE20194,BR_FNA_M217,2,2
IDG0124,GSM615217,GSE25055,M217,2,2
IDG0125,GSM505363,GSE20194,BR_FNA_M216,2,2
IDG0125,GSM615216,GSE25055,M216,2,2
IDG0126,GSM505364,GSE20194,BR_FNA_M139,2,2
IDG0126,GSM615192,GSE25055,M139,2,2
IDG0127,GSM505365,GSE20194,BR_FNA_M117,2,2
IDG0127,GSM615183,GSE25055,M117,2,2
IDG0128,GSM505366,GSE20194,BR_FNA_M106,2,2
IDG0128,GSM615179,GSE25055,M106,2,2
IDG0129,GSM505368,GSE20194,BR_FNA_M123,2,2
IDG0129,GSM615186,GSE25055,M123,2,2
IDG0130,GSM505370,GSE20194,BR_FNA_M205,2,2
IDG0130,GSM615211,GSE25055,M205,2,2
IDG0131,GSM505371,GSE20194,BR_FNA_M182,2,2
IDG0131,GSM615204,GSE25055,M182,2,2
IDG0132,GSM505372,GSE20194,BR_FNA_M133,2,2
IDG0132,GSM615190,GSE25055,M133,2,2
IDG0133,GSM505374,GSE20194,BR_FNA_M189,2,2
IDG0133,GSM615206,GSE25055,M189,2,2
IDG0134,GSM505375,GSE20194,BR_FNA_M181,2,2
IDG0134,GSM615203,GSE25055,M181,2,2
IDG0135,GSM505378,GSE20194,BR_FNA_M236,2,2
IDG0135,GSM615227,GSE25055,M236,2,2
IDG0136,GSM505382,GSE20194,BR_FNA_M246,2,2
IDG0136,GSM615228,GSE25055,M246,2,2
IDG0137,GSM505392,GSE20194,BR_FNA_M280,2,2
IDG0137,GSM615236,GSE25055,M280,2,2
IDG0138,GSM505398,GSE20194,BR_FNA_M266,2,2
IDG0138,GSM615234,GSE25055,M266,2,2
IDG0139,GSM505402,GSE20194,BR_FNA_M231,2,2
IDG0139,GSM615224,GSE25055,M231,2,2
IDG0140,GSM505408,GSE20194,BR_FNA_M270,2,2
IDG0140,GSM615235,GSE25055,M270,2,2
IDG0141,GSM505410,GSE20194,BR_FNA_M259,2,2
IDG0141,GSM615230,GSE25055,M259,2,2
IDG0142,GSM505411,GSE20194,BR_FNA_M301,2,2
IDG0142,GSM615242,GSE25055,M301,2,2
IDG0143,GSM505412,GSE20194,BR_FNA_M234,2,2
IDG0143,GSM615226,GSE25055,M234,2,2
IDG0144,GSM505413,GSE20194,BR_FNA_M310,2,2
IDG0144,GSM615244,GSE25055,M310,2,2
IDG0145,GSM505415,GSE20194,BR_FNA_M260,2,2
IDG0145,GSM615231,GSE25055,M260,2,2
IDG0146,GSM505416,GSE20194,BR_FNA_M255,2,2
IDG0146,GSM615229,GSE25055,M255,2,2
IDG0147,GSM505420,GSE20194,BR_FNA_M304,2,2
IDG0147,GSM615243,GSE25055,M304,2,2
IDG0148,GSM505421,GSE20194,BR_FNA_M233,2,2
IDG0148,GSM615225,GSE25055,M233,2,2
IDG0149,GSM505422,GSE20194,BR_FNA_M297,2,2
IDG0149,GSM615241,GSE25055,M297,2,2
IDG0150,GSM505423,GSE20194,BR_FNA_M295,2,2
IDG0150,GSM615240,GSE25055,M295,2,2
IDG0151,GSM505424,GSE20194,BR_FNA_M282,2,2
IDG0151,GSM615238,GSE25055,M282,2,2
IDG0152,GSM505426,GSE20194,BR_FNA_M261,2,2
IDG0152,GSM615232,GSE25055,M261,2,2
IDG0153,GSM505427,GSE20194,BR_FNA_M333,2,2
IDG0153,GSM615249,GSE25055,M333,2,2
IDG0154,GSM505428,GSE20194,BR_FNA_M402,2,2
IDG0154,GSM615270,GSE25055,M402,2,2
IDG0155,GSM505430,GSE20194,BR_FNA_M386,2,2
IDG0155,GSM615267,GSE25055,M386,2,2
IDG0156,GSM505432,GSE20194,BR_FNA_M375,2,2
IDG0156,GSM615265,GSE25055,M375,2,2
IDG0157,GSM505435,GSE20194,BR_FNA_M331,2,2
IDG0157,GSM508115,GSE20271,breast cancer 331,2,2
IDG0158,GSM505449,GSE20194,BR_FNA_M442,2,2
IDG0158,GSM615280,GSE25055,M442,2,2
IDG0159,GSM505451,GSE20194,BR_FNA_M523,2,2
IDG0159,GSM615292,GSE25055,M523,2,2
IDG0160,GSM505454,GSE20194,BR_FNA_M524,2,2
IDG0160,GSM615293,GSE25055,M524,2,2
IDG0161,GSM505455,GSE20194,BR_FNA_M353,2,2
IDG0161,GSM615256,GSE25055,M353,2,2
IDG0162,GSM505456,GSE20194,BR_FNA_M534,2,2
IDG0162,GSM615296,GSE25055,M534,2,2
IDG0163,GSM505458,GSE20194,BR_FNA_M356,2,2
IDG0163,GSM615258,GSE25055,M356,2,2
IDG0164,GSM505459,GSE20194,BR_FNA_M367,2,2
IDG0164,GSM615263,GSE25055,M367,2,2
IDG0165,GSM505460,GSE20194,BR_FNA_M120,2,2
IDG0165,GSM615184,GSE25055,M120,2,2
IDG0166,GSM505462,GSE20194,BR_FNA_PERU11,2,2
IDG0166,GSM615403,GSE25055,PERU11,2,2
IDG0167,GSM505467,GSE20194,BR_FNA_M373,2,2
IDG0167,GSM615264,GSE25055,M373,2,2
IDG0168,GSM505468,GSE20194,BR_FNA_M463,2,2
IDG0168,GSM615282,GSE25055,M463,2,2
IDG0169,GSM505469,GSE20194,BR_FNA_M357,2,2
IDG0169,GSM615259,GSE25055,M357,2,2
IDG0170,GSM505470,GSE20194,BR_FNA_PERU08,2,2
IDG0170,GSM508056,GSE20271,breast cancer PERU08,2,2
IDG0171,GSM505473,GSE20194,BR_FNA_M497,2,2
IDG0171,GSM615286,GSE25055,M497,2,2
IDG0172,GSM505475,GSE20194,BR_FNA_M503,2,2
IDG0172,GSM615288,GSE25055,M503,2,2
IDG0173,GSM505476,GSE20194,BR_FNA_M129,2,2
IDG0173,GSM615188,GSE25055,M129,2,2
IDG0174,GSM505477,GSE20194,BR_FNA_M421,2,2
IDG0174,GSM615273,GSE25055,M421,2,2
IDG0175,GSM505478,GSE20194,BR_FNA_M146,2,2
IDG0175,GSM615193,GSE25055,M146,2,2
IDG0176,GSM505479,GSE20194,BR_FNA_M506,2,2
IDG0176,GSM615289,GSE25055,M506,2,2
IDG0177,GSM505481,GSE20194,BR_FNA_M525,2,2
IDG0177,GSM615294,GSE25055,M525,2,2
IDG0178,GSM505483,GSE20194,BR_FNA_M469,2,2
IDG0178,GSM615283,GSE25055,M469,2,2
IDG0179,GSM505485,GSE20194,BR_FNA_M341,2,2
IDG0179,GSM615253,GSE25055,M341,2,2
IDG0180,GSM505486,GSE20194,BR_FNA_M434,2,2
IDG0180,GSM615279,GSE25055,M434,2,2
IDG0181,GSM505487,GSE20194,BR_FNA_M334,2,2
IDG0181,GSM615250,GSE25055,M334,2,2
IDG0182,GSM505490,GSE20194,BR_FNA_PERU55,2,2
IDG0182,GSM508049,GSE20271,breast cancer PERU55,2,2
IDG0183,GSM505491,GSE20194,BR_FNA_M713,2,2
IDG0183,GSM508025,GSE20271,breast cancer 713,2,2
IDG0184,GSM505506,GSE20194,BR_FNA_M195,2,2
IDG0184,GSM615207,GSE25055,M195,2,2
IDG0185,GSM505508,GSE20194,BR_FNA_M263,2,2
IDG0185,GSM615233,GSE25055,M263,2,2
IDG0186,GSM505509,GSE20194,BR_FNA_M281,2,2
IDG0186,GSM615237,GSE25055,M281,2,2
IDG0187,GSM505510,GSE20194,BR_FNA_M283,2,2
IDG0187,GSM615239,GSE25055,M283,2,2
IDG0188,GSM505514,GSE20194,BR_FNA_M339,2,2
IDG0188,GSM615251,GSE25055,M339,2,2
IDG0189,GSM505516,GSE20194,BR_FNA_M345,2,2
IDG0189,GSM615255,GSE25055,M345,2,2
IDG0190,GSM505517,GSE20194,BR_FNA_M355,2,2
IDG0190,GSM615257,GSE25055,M355,2,2
IDG0191,GSM505518,GSE20194,BR_FNA_M360,2,2
IDG0191,GSM615260,GSE25055,M360,2,2
IDG0192,GSM505519,GSE20194,BR_FNA_M363,2,2
IDG0192,GSM615261,GSE25055,M363,2,2
IDG0193,GSM505521,GSE20194,BR_FNA_M382,2,2
IDG0193,GSM508171,GSE20271,breast cancer 382,2,2
IDG0194,GSM505522,GSE20194,BR_FNA_M385,2,2
IDG0194,GSM508126,GSE20271,breast cancer 385,2,2
IDG0195,GSM505523,GSE20194,BR_FNA_M396,2,2
IDG0195,GSM615268,GSE25055,M396,2,2
IDG0196,GSM505524,GSE20194,BR_FNA_M411,2,2
IDG0196,GSM615271,GSE25055,M411,2,2
IDG0197,GSM505525,GSE20194,BR_FNA_M417,2,2
IDG0197,GSM615272,GSE25055,M417,2,2
IDG0198,GSM505527,GSE20194,BR_FNA_M425,2,2
IDG0198,GSM615275,GSE25055,M425,2,2
IDG0199,GSM505528,GSE20194,BR_FNA_M430,2,2
IDG0199,GSM615276,GSE25055,M430,2,2
IDG0200,GSM505529,GSE20194,BR_FNA_M431,2,2
IDG0200,GSM615277,GSE25055,M431,2,2
IDG0201,GSM505530,GSE20194,BR_FNA_M433,2,2
IDG0201,GSM615278,GSE25055,M433,2,2
IDG0202,GSM505531,GSE20194,BR_FNA_M443,2,2
IDG0202,GSM508114,GSE20271,breast cancer 443,2,2
IDG0203,GSM505532,GSE20194,BR_FNA_M486,2,2
IDG0203,GSM615285,GSE25055,M486,2,2
IDG0204,GSM505534,GSE20194,BR_FNA_M507,2,2
IDG0204,GSM615290,GSE25055,M507,2,2
IDG0205,GSM505536,GSE20194,BR_FNA_M531,2,2
IDG0205,GSM615295,GSE25055,M531,2,2
IDG0206,GSM505538,GSE20194,BR_FNA_M549,2,2
IDG0206,GSM615298,GSE25055,M549,2,2
IDG0207,GSM505539,GSE20194,BR_FNA_M556,2,2
IDG0207,GSM615299,GSE25055,M556,2,2
IDG0208,GSM505540,GSE20194,BR_FNA_M557,2,2
IDG0208,GSM615300,GSE25055,M557,2,2
IDG0209,GSM505541,GSE20194,BR_FNA_M558,2,2
IDG0209,GSM615301,GSE25055,M558,2,2
IDG0210,GSM505542,GSE20194,BR_FNA_M559,2,2
IDG0210,GSM615302,GSE25055,M559,2,2
IDG0211,GSM505543,GSE20194,BR_FNA_M564,2,2
IDG0211,GSM615303,GSE25055,M564,2,2
IDG0212,GSM505544,GSE20194,BR_FNA_M566,2,2
IDG0212,GSM615305,GSE25055,M566,2,2
IDG0213,GSM505545,GSE20194,BR_FNA_M571,2,2
IDG0213,GSM615307,GSE25055,M571,2,2
IDG0214,GSM505547,GSE20194,BR_FNA_M578,2,2
IDG0214,GSM615309,GSE25055,M578,2,2
IDG0215,GSM505548,GSE20194,BR_FNA_M583,2,2
IDG0215,GSM615312,GSE25055,M583,2,2
IDG0216,GSM505549,GSE20194,BR_FNA_M599,2,2
IDG0216,GSM615313,GSE25055,M599,2,2
IDG0217,GSM505550,GSE20194,BR_FNA_M607,2,2
IDG0217,GSM615316,GSE25055,M607,2,2
IDG0218,GSM505551,GSE20194,BR_FNA_M610,2,2
IDG0218,GSM615318,GSE25055,M610,2,2
IDG0219,GSM505552,GSE20194,BR_FNA_M612,2,2
IDG0219,GSM615320,GSE25055,M612,2,2
IDG0220,GSM505553,GSE20194,BR_FNA_M617,2,2
IDG0220,GSM615321,GSE25055,M617,2,2
IDG0221,GSM505554,GSE20194,BR_FNA_M619,2,2
IDG0221,GSM615322,GSE25055,M619,2,2
IDG0222,GSM505556,GSE20194,BR_FNA_M642,2,2
IDG0222,GSM615328,GSE25055,M642,2,2
IDG0223,GSM505557,GSE20194,BR_FNA_M643,2,2
IDG0223,GSM615329,GSE25055,M643,2,2
IDG0224,GSM505559,GSE20194,BR_FNA_M651,2,2
IDG0224,GSM615331,GSE25055,M651,2,2
IDG0225,GSM505560,GSE20194,BR_FNA_M652,2,2
IDG0225,GSM615332,GSE25055,M652,2,2
IDG0226,GSM505562,GSE20194,BR_FNA_M658,2,2
IDG0226,GSM615334,GSE25055,M658,2,2
IDG0227,GSM505563,GSE20194,BR_FNA_M659,2,2
IDG0227,GSM615335,GSE25055,M659,2,2
IDG0228,GSM505564,GSE20194,BR_FNA_M661,2,2
IDG0228,GSM615336,GSE25055,M661,2,2
IDG0229,GSM505565,GSE20194,BR_FNA_M662,2,2
IDG0229,GSM615337,GSE25055,M662,2,2
IDG0230,GSM505566,GSE20194,BR_FNA_M665,2,2
IDG0230,GSM615338,GSE25055,M665,2,2
IDG0231,GSM505567,GSE20194,BR_FNA_M666,2,2
IDG0231,GSM615339,GSE25055,M666,2,2
IDG0232,GSM505568,GSE20194,BR_FNA_M668,2,2
IDG0232,GSM615340,GSE25055,M668,2,2
IDG0233,GSM505569,GSE20194,BR_FNA_M669,2,2
IDG0233,GSM615341,GSE25055,M669,2,2
IDG0234,GSM505570,GSE20194,BR_FNA_M670,2,2
IDG0234,GSM615342,GSE25055,M670,2,2
IDG0235,GSM505571,GSE20194,BR_FNA_M671,2,2
IDG0235,GSM615343,GSE25055,M671,2,2
IDG0236,GSM505573,GSE20194,BR_FNA_M675,2,2
IDG0236,GSM615345,GSE25055,M675,2,2
IDG0237,GSM505574,GSE20194,BR_FNA_M679,2,2
IDG0237,GSM615347,GSE25055,M679,2,2
IDG0238,GSM505575,GSE20194,BR_FNA_M681,2,2
IDG0238,GSM615348,GSE25055,M681,2,2
IDG0239,GSM505576,GSE20194,BR_FNA_M682,2,2
IDG0239,GSM615349,GSE25055,M682,2,2
IDG0240,GSM505577,GSE20194,BR_FNA_M683,2,2
IDG0240,GSM615350,GSE25055,M683,2,2
IDG0241,GSM505580,GSE20194,BR_FNA_M692,2,2
IDG0241,GSM615354,GSE25055,M692,2,2
IDG0242,GSM505581,GSE20194,BR_FNA_M693,2,2
IDG0242,GSM615355,GSE25055,M693,2,2
IDG0243,GSM505582,GSE20194,BR_FNA_M695,2,2
IDG0243,GSM615356,GSE25055,M695,2,2
IDG0244,GSM505583,GSE20194,BR_FNA_M696,2,2
IDG0244,GSM615357,GSE25055,M696,2,2
IDG0245,GSM505584,GSE20194,BR_FNA_M709,2,2
IDG0245,GSM615359,GSE25055,M709,2,2
IDG0246,GSM505586,GSE20194,BR_FNA_M714,2,2
IDG0246,GSM615361,GSE25055,M714,2,2
IDG0247,GSM505587,GSE20194,BR_FNA_M717,2,2
IDG0247,GSM615362,GSE25055,M717,2,2
IDG0248,GSM505589,GSE20194,BR_FNA_M723,2,2
IDG0248,GSM615365,GSE25055,M723,2,2
IDG0249,GSM505591,GSE20194,BR_FNA_M728,2,2
IDG0249,GSM615367,GSE25055,M728,2,2
IDG0250,GSM505592,GSE20194,BR_FNA_M732,2,2
IDG0250,GSM615369,GSE25055,M732,2,2
IDG0251,GSM505593,GSE20194,BR_FNA_M734,2,2
IDG0251,GSM615370,GSE25055,M734,2,2
IDG0252,GSM505594,GSE20194,BR_FNA_M744,2,2
IDG0252,GSM615373,GSE25055,M744,2,2
IDG0253,GSM505597,GSE20194,BR_FNA_M765,2,2
IDG0253,GSM615381,GSE25055,M765,2,2
IDG0254,GSM505598,GSE20194,BR_FNA_M767,2,2
IDG0254,GSM615383,GSE25055,M767,2,2
IDG0255,GSM505599,GSE20194,BR_FNA_M774,2,2
IDG0255,GSM615386,GSE25055,M774,2,2
IDG0256,GSM505600,GSE20194,BR_FNA_M781,2,2
IDG0256,GSM615388,GSE25055,M781,2,2
IDG0257,GSM505601,GSE20194,BR_FNA_M782,2,2
IDG0257,GSM615389,GSE25055,M782,2,2
IDG0258,GSM505602,GSE20194,BR_FNA_M784,2,2
IDG0258,GSM615391,GSE25055,M784,2,2
IDG0259,GSM505603,GSE20194,BR_FNA_M795,2,2
IDG0259,GSM615395,GSE25055,M795,2,2
IDG0260,GSM505605,GSE20194,BR_FNA_M806,2,2
IDG0260,GSM615398,GSE25055,M806,2,2
IDG0261,GSM508015,GSE20271,breast cancer SPAIN30,2,2
IDG0261,GSM615819,GSE25065,Spain30,2,2
IDG0262,GSM508020,GSE20271,breast cancer SPAIN32,2,2
IDG0262,GSM615820,GSE25065,Spain32,2,2
IDG0263,GSM508021,GSE20271,breast cancer SPAIN49,2,2
IDG0263,GSM615825,GSE25065,Spain49,2,2
IDG0264,GSM508024,GSE20271,breast cancer PERU16-18,2,2
IDG0264,GSM615791,GSE25065,PERU16-18,2,2
IDG0265,GSM508034,GSE20271,breast cancer PERU25,2,2
IDG0265,GSM549304,GSE22093,breast cancer PERU25,2,2
IDG0266,GSM508035,GSE20271,breast cancer LBJ038,2,2
IDG0266,GSM615773,GSE25065,LBJ038,2,2
IDG0267,GSM508036,GSE20271,breast cancer PERU36,2,2
IDG0267,GSM549306,GSE22093,breast cancer PERU36,2,2
IDG0268,GSM508037,GSE20271,breast cancer PERU50,2,2
IDG0268,GSM615802,GSE25065,PERU50,2,2
IDG0269,GSM508038,GSE20271,breast cancer PERU41,2,2
IDG0269,GSM549308,GSE22093,breast cancer PERU41,2,2
IDG0270,GSM508042,GSE20271,breast cancer LBJ016,2,2
IDG0270,GSM615771,GSE25065,LBJ016,2,2
IDG0271,GSM508045,GSE20271,breast cancer PERU73,2,2
IDG0271,GSM615811,GSE25065,PERU73,2,2
IDG0272,GSM508046,GSE20271,breast cancer PERU72,2,2
IDG0272,GSM615810,GSE25065,PERU72,2,2
IDG0273,GSM508048,GSE20271,breast cancer PERU57,2,2
IDG0273,GSM615807,GSE25065,PERU57,2,2
IDG0274,GSM508050,GSE20271,breast cancer PERU69,2,2
IDG0274,GSM615809,GSE25065,PERU69,2,2
IDG0275,GSM508051,GSE20271,breast cancer PERU27,2,2
IDG0275,GSM549305,GSE22093,breast cancer PERU27,2,2
IDG0276,GSM508053,GSE20271,breast cancer PERU61,2,2
IDG0276,GSM615808,GSE25065,PERU61,2,2
IDG0277,GSM508055,GSE20271,breast cancer PERU05,2,2
IDG0277,GSM615789,GSE25065,PERU05,2,2
IDG0278,GSM508057,GSE20271,breast cancer PERU02,2,2
IDG0278,GSM615788,GSE25065,PERU02,2,2
IDG0279,GSM508060,GSE20271,breast cancer MEXICO18,2,2
IDG0279,GSM549300,GSE22093,breast cancer MEXICO18,2,2
IDG0280,GSM508061,GSE20271,breast cancer MEXICO15,2,2
IDG0280,GSM549299,GSE22093,breast cancer MEXICO15,2,2
IDG0281,GSM508062,GSE20271,breast cancer MEXICO10,2,2
IDG0281,GSM750753,GSE22093,breast cancer MEXICO10,2,2
IDG0282,GSM508063,GSE20271,breast cancer MEXICO2,2,2
IDG0282,GSM549301,GSE22093,breast cancer MEXICO2,2,2
IDG0283,GSM508066,GSE20271,breast cancer PERU22,2,2
IDG0283,GSM549303,GSE22093,breast cancer PERU22,2,2
IDG0284,GSM508069,GSE20271,breast cancer PERU49,2,2
IDG0284,GSM549310,GSE22093,breast cancer PERU49,2,2
IDG0285,GSM508103,GSE20271,breast cancer SPAIN57,2,2
IDG0285,GSM615828,GSE25065,Spain57,2,2
IDG0286,GSM508104,GSE20271,breast cancer SPAIN48,2,2
IDG0286,GSM615824,GSE25065,Spain48,2,2
IDG0287,GSM508105,GSE20271,breast cancer SPAIN45,2,2
IDG0287,GSM615822,GSE25065,Spain45,2,2
IDG0288,GSM508106,GSE20271,breast cancer SPAIN53,2,2
IDG0288,GSM615827,GSE25065,Spain53,2,2
IDG0289,GSM508107,GSE20271,breast cancer SPAIN27,2,2
IDG0289,GSM615818,GSE25065,Spain27,2,2
IDG0290,GSM508110,GSE20271,breast cancer SPAIN13,2,2
IDG0290,GSM615817,GSE25065,Spain13,2,2
IDG0291,GSM508112,GSE20271,breast cancer SPAIN46,2,2
IDG0291,GSM615823,GSE25065,Spain46,2,2
IDG0292,GSM508117,GSE20271,breast cancer 565,2,2
IDG0292,GSM615304,GSE25055,M565,2,2
IDG0293,GSM508136,GSE20271,breast cancer PERU37,2,2
IDG0293,GSM615796,GSE25065,PERU37,2,2
IDG0294,GSM508137,GSE20271,breast cancer PERU23,2,2
IDG0294,GSM615793,GSE25065,PERU23,2,2
IDG0295,GSM508138,GSE20271,breast cancer PERU52,2,2
IDG0295,GSM615803,GSE25065,PERU52,2,2
IDG0296,GSM508140,GSE20271,breast cancer PERU26,2,2
IDG0296,GSM615794,GSE25065,PERU26,2,2
IDG0297,GSM508142,GSE20271,breast cancer PERU28,2,2
IDG0297,GSM615795,GSE25065,PERU28,2,2
IDG0298,GSM508144,GSE20271,breast cancer PERU48,2,2
IDG0298,GSM615801,GSE25065,PERU48,2,2
IDG0299,GSM508145,GSE20271,breast cancer PERU42,2,2
IDG0299,GSM615799,GSE25065,PERU42,2,2
IDG0300,GSM508146,GSE20271,breast cancer PERU54,2,2
IDG0300,GSM615805,GSE25065,PERU54,2,2
IDG0301,GSM508147,GSE20271,breast cancer PERU40,2,2
IDG0301,GSM615798,GSE25065,PERU40,2,2
IDG0302,GSM508149,GSE20271,breast cancer LBJ047,2,2
IDG0302,GSM615775,GSE25065,LBJ047,2,2
IDG0303,GSM508158,GSE20271,breast cancer PERU56,2,2
IDG0303,GSM615806,GSE25065,PERU56,2,2
IDG0304,GSM508159,GSE20271,breast cancer LBJ046,2,2
IDG0304,GSM615774,GSE25065,LBJ046,2,2
IDG0305,GSM508166,GSE20271,breast cancer SPAIN51,2,2
IDG0305,GSM615826,GSE25065,Spain51,2,2
IDG0306,GSM508167,GSE20271,breast cancer SPAIN12,2,2
IDG0306,GSM615816,GSE25065,Spain12,2,2
IDG0307,GSM508169,GSE20271,breast cancer SPAIN41,2,2
IDG0307,GSM615821,GSE25065,Spain41,2,2
IDG0308,GSM508174,GSE20271,breast cancer 625,2,2
IDG0308,GSM615324,GSE25055,M625,2,2
IDG0309,GSM508177,GSE20271,breast cancer LBJ054,2,2
IDG0309,GSM615777,GSE25065,LBJ054,2,2
IDG0310,GSM508178,GSE20271,breast cancer PERU76,2,2
IDG0310,GSM615812,GSE25065,PERU76,2,2
IDG0311,GSM508179,GSE20271,breast cancer LBJ082,2,2
IDG0311,GSM615780,GSE25065,LBJ082,2,2
IDG0312,GSM508181,GSE20271,breast cancer LBJ070,2,2
IDG0312,GSM615778,GSE25065,LBJ070,2,2
