series_a,series_b,exact_gsm_count,exact_title_different_gsm_count,expression_confirmed_count,expression_supported_count,identifier_not_corroborated_count,exact_gsm_overlap_pattern,overall_evidence_tier,title_a,title_b,geo_url_a,geo_url_b
GSE10886,GSE10893,105,1,0,0,0,partial_overlap,high_confidence_overlap,A Supervised Risk Predictor of Breast Cancer Based on Biological Subtypes,"Basal-like Breast Cancer DNA copy number losses identify genes involved in genomic instability, response to therapy, and patient survival",https://www.ncbi.nlm.nih.gov/geo/query/acc.cgi?acc=GSE10886,https://www.ncbi.nlm.nih.gov/geo/query/acc.cgi?acc=GSE10893
GSE10886,GSE18229,113,1,0,0,0,partial_overlap,high_confidence_overlap,A Supervised Risk Predictor of Breast Cancer Based on Biological Subtypes,Phenotypic and Molecular Characterization of the Claudin-low Intrinsic Subtype of Breast Cancer,https://www.ncbi.nlm.nih.gov/geo/query/acc.cgi?acc=GSE10886,https://www.ncbi.nlm.nih.gov/geo/query/acc.cgi?acc=GSE18229
GSE10886,GSE20624,194,1,0,0,0,near_containment,high_confidence_overlap,A Supervised Risk Predictor of Breast Cancer Based on Biological Subtypes,Breast Carcinomas arising at a Young Age:  A Unique Biology or a Surrogate for Aggressive Intrinsic Subtypes.,https://www.ncbi.nlm.nih.gov/geo/query/acc.cgi?acc=GSE10886,https://www.ncbi.nlm.nih.gov/geo/query/acc.cgi?acc=GSE20624
GSE10886,GSE26338,116,1,0,0,0,partial_overlap,high_confidence_overlap,A Supervised Risk Predictor of Breast Cancer Based on Biological Subtypes,"Genomic analysis identifies unique signatures predictive of brain, lung, and liver relapse",https://www.ncbi.nlm.nih.gov/geo/query/acc.cgi?acc=GSE10886,https://www.ncbi.nlm.nih.gov/geo/query/acc.cgi?acc=GSE26338
GSE10886,GSE6130,55,0,0,0,0,partial_overlap,high_confidence_overlap,A Supervised Risk Predictor of Breast Cancer Based on Biological Subtypes,Agreement in Breast Cancer Classification between Microarray and qRT-PCR from Fresh-Frozen and Formalin-Fixed Tissues,https://www.ncbi.nlm.nih.gov/geo/query/acc.cgi?acc=GSE10886,https://www.ncbi.nlm.nih.gov/geo/query/acc.cgi?acc=GSE6130
GSE10893,GSE18229,319,1,0,0,0,near_containment,high_confidence_overlap,"Basal-like Breast Cancer DNA copy number losses identify genes involved in genomic instability, response to therapy, and patient survival",Phenotypic and Molecular Characterization of the Claudin-low Intrinsic Subtype of Breast Cancer,https://www.ncbi.nlm.nih.gov/geo/query/acc.cgi?acc=GSE10893,https://www.ncbi.nlm.nih.gov/geo/query/acc.cgi?acc=GSE18229
GSE10893,GSE20624,176,1,0,0,0,partial_overlap,high_confidence_overlap,"Basal-like Breast Cancer DNA copy number losses identify genes involved in genomic instability, response to therapy, and patient survival",Breast Carcinomas arising at a Young Age:  A Unique Biology or a Surrogate for Aggressive Intrinsic Subtypes.,https://www.ncbi.nlm.nih.gov/geo/query/acc.cgi?acc=GSE10893,https://www.ncbi.nlm.nih.gov/geo/query/acc.cgi?acc=GSE20624
GSE10893,GSE26338,307,1,0,0,0,partial_overlap,high_confidence_overlap,"Basal-like Breast Cancer DNA copy number losses identify genes involved in genomic instability, response to therapy, and patient survival","Genomic analysis identifies unique signatures predictive of brain, lung, and liver relapse",https://www.ncbi.nlm.nih.gov/geo/query/acc.cgi?acc=GSE10893,https://www.ncbi.nlm.nih.gov/geo/query/acc.cgi?acc=GSE26338
GSE10893,GSE6130,134,0,0,0,0,near_containment,high_confidence_overlap,"Basal-like Breast Cancer DNA copy number losses identify genes involved in genomic instability, response to therapy, and patient survival",Agreement in Breast Cancer Classification between Microarray and qRT-PCR from Fresh-Frozen and Formalin-Fixed Tissues,https://www.ncbi.nlm.nih.gov/geo/query/acc.cgi?acc=GSE10893,https://www.ncbi.nlm.nih.gov/geo/query/acc.cgi?acc=GSE6130
GSE130786,GSE130788,110,0,0,0,0,complete_containment,high_confidence_overlap,"A Phase II Randomized Trial of Neoadjuvant Trastuzumab or Lapatinib or the Combination of Trastuzumab and Lapatinib, Followed by Docetaxel and Carboplatin with Trastuzumab and/or Lapatinib in Patients with HER2+ Breast Cancer [Baseline]","A Phase II Randomized Trial of Neoadjuvant Trastuzumab or Lapatinib or the Combination of Trastuzumab and Lapatinib, Followed by Docetaxel and Carboplatin with Trastuzumab and/or Lapatinib in Patients with HER2+ Breast Cancer",https://www.ncbi.nlm.nih.gov/geo/query/acc.cgi?acc=GSE130786,https://www.ncbi.nlm.nih.gov/geo/query/acc.cgi?acc=GSE130788
GSE130787,GSE130788,89,0,0,0,0,complete_containment,high_confidence_overlap,"A Phase II Randomized Trial of Neoadjuvant Trastuzumab or Lapatinib or the Combination of Trastuzumab and Lapatinib, Followed by Docetaxel and Carboplatin with Trastuzumab and/or Lapatinib in Patients with HER2+ Breast Cancer [treatments]","A Phase II Randomized Trial of Neoadjuvant Trastuzumab or Lapatinib or the Combination of Trastuzumab and Lapatinib, Followed by Docetaxel and Carboplatin with Trastuzumab and/or Lapatinib in Patients with HER2+ Breast Cancer",https://www.ncbi.nlm.nih.gov/geo/query/acc.cgi?acc=GSE130787,https://www.ncbi.nlm.nih.gov/geo/query/acc.cgi?acc=GSE130788
GSE132207,GSE132513,0,9,0,0,0,,manual_review_required,Epigenetic remodelling of enhancers in response to estrogen deprivation and re-stimulation [RNA-Seq],Epigenetic remodelling of enhancers in response to estrogen deprivation and re-stimulation [methylArray],https://www.ncbi.nlm.nih.gov/geo/query/acc.cgi?acc=GSE132207,https://www.ncbi.nlm.nih.gov/geo/query/acc.cgi?acc=GSE132513
GSE14550,GSE14552,6,0,0,0,0,complete_containment,high_confidence_overlap,Gene expression profiling of MCF7 breast cancer xenografts overexpressing podoplanin (human array),Gene expression profiling of MCF7 breast cancer xenografts overexpressing podoplanin,https://www.ncbi.nlm.nih.gov/geo/query/acc.cgi?acc=GSE14550,https://www.ncbi.nlm.nih.gov/geo/query/acc.cgi?acc=GSE14552
GSE14551,GSE14552,6,0,0,0,0,complete_containment,high_confidence_overlap,Gene expression profiling of tumor stroma of MCF7 breast cancer xenografts overexpressing podoplanin (mouse array),Gene expression profiling of MCF7 breast cancer xenografts overexpressing podoplanin,https://www.ncbi.nlm.nih.gov/geo/query/acc.cgi?acc=GSE14551,https://www.ncbi.nlm.nih.gov/geo/query/acc.cgi?acc=GSE14552
GSE149322,GSE150576,150,0,0,0,0,complete_containment,high_confidence_overlap,AKT/mTOR/HER/PI3K family genes as predictors of pCR for early stage breast cancer patients treated with the AKT inhibitor MK2206 in the I-SPY 2 TRIAL (NCT01042379),AKT/mTOR/HER/PI3K family genes and phospho-proteins as predictors of pCR for early stage breast cancer patients treated with the AKT inhibitor MK2206 in the I-SPY 2 TRIAL,https://www.ncbi.nlm.nih.gov/geo/query/acc.cgi?acc=GSE149322,https://www.ncbi.nlm.nih.gov/geo/query/acc.cgi?acc=GSE150576
GSE150575,GSE150576,138,0,0,0,0,complete_containment,high_confidence_overlap,AKT/mTOR/HER/PI3K family proteins and phospho-proteins as predictors of pCR for early stage breast cancer patients treated with the AKT inhibitor MK2206 in the I-SPY 2 TRIAL (NCT01042379),AKT/mTOR/HER/PI3K family genes and phospho-proteins as predictors of pCR for early stage breast cancer patients treated with the AKT inhibitor MK2206 in the I-SPY 2 TRIAL,https://www.ncbi.nlm.nih.gov/geo/query/acc.cgi?acc=GSE150575,https://www.ncbi.nlm.nih.gov/geo/query/acc.cgi?acc=GSE150576
GSE164385,GSE164716,13,0,0,0,0,complete_containment,high_confidence_overlap,H3K27me3 conditions chemotolerance in triple-negative breast cancer [scChIP-seq],H3K27me3 conditions chemotolerance in triple-negative breast cancer,https://www.ncbi.nlm.nih.gov/geo/query/acc.cgi?acc=GSE164385,https://www.ncbi.nlm.nih.gov/geo/query/acc.cgi?acc=GSE164716
GSE164715,GSE164716,19,0,0,0,0,complete_containment,high_confidence_overlap,H3K27me3 conditions chemotolerance in triple-negative breast cancer [scRNA-seq],H3K27me3 conditions chemotolerance in triple-negative breast cancer,https://www.ncbi.nlm.nih.gov/geo/query/acc.cgi?acc=GSE164715,https://www.ncbi.nlm.nih.gov/geo/query/acc.cgi?acc=GSE164716
GSE164716,GSE186965,23,0,0,0,0,complete_containment,high_confidence_overlap,H3K27me3 conditions chemotolerance in triple-negative breast cancer,H3K27me3 conditions chemotolerance  in triple-negative breast cancer [ChIP-reChIP],https://www.ncbi.nlm.nih.gov/geo/query/acc.cgi?acc=GSE164716,https://www.ncbi.nlm.nih.gov/geo/query/acc.cgi?acc=GSE186965
GSE164716,GSE186966,18,0,0,0,0,complete_containment,high_confidence_overlap,H3K27me3 conditions chemotolerance in triple-negative breast cancer,H3K27me3 conditions chemotolerance  in triple-negative breast cancer [CUT&TAG],https://www.ncbi.nlm.nih.gov/geo/query/acc.cgi?acc=GSE164716,https://www.ncbi.nlm.nih.gov/geo/query/acc.cgi?acc=GSE186966
GSE16716,GSE20194,278,0,0,0,0,complete_containment,high_confidence_overlap,MicroArray Quality Control Phase II (MAQC-II) Project,MAQC-II Project: human breast cancer (BR) data set,https://www.ncbi.nlm.nih.gov/geo/query/acc.cgi?acc=GSE16716,https://www.ncbi.nlm.nih.gov/geo/query/acc.cgi?acc=GSE20194
GSE178305,GSE178310,12,0,0,0,0,complete_containment,high_confidence_overlap,Exosomal-microRNA transcriptome profiling of Parental and CSC-like MDA-MB-231 cells in response to cisplatin treatment [NanoString],Exosomal-microRNA transcriptome profiling of Parental and CSC-like MDA-MB-231 cells in response to cisplatin treatment,https://www.ncbi.nlm.nih.gov/geo/query/acc.cgi?acc=GSE178305,https://www.ncbi.nlm.nih.gov/geo/query/acc.cgi?acc=GSE178310
GSE178307,GSE178310,12,0,0,0,0,complete_containment,high_confidence_overlap,Exosomal-microRNA transcriptome profiling of Parental and CSC-like MDA-MB-231 cells in response to cisplatin treatment,Exosomal-microRNA transcriptome profiling of Parental and CSC-like MDA-MB-231 cells in response to cisplatin treatment,https://www.ncbi.nlm.nih.gov/geo/query/acc.cgi?acc=GSE178307,https://www.ncbi.nlm.nih.gov/geo/query/acc.cgi?acc=GSE178310
GSE181466,GSE181548,0,97,0,0,0,,manual_review_required,RNAseq of a Triple-Negative Breast Cancer Cohort Treated with Neoadjuvant Carboplatin and Docetaxel According to Lehmann's Refined Classification,Pam50 of a Triple-Negative Breast Cancer Cohort Treated with Neoadjuvant Carboplatin and Docetaxel According to Lehmann's Refined Classification,https://www.ncbi.nlm.nih.gov/geo/query/acc.cgi?acc=GSE181466,https://www.ncbi.nlm.nih.gov/geo/query/acc.cgi?acc=GSE181548
GSE18229,GSE20624,184,1,0,0,0,partial_overlap,high_confidence_overlap,Phenotypic and Molecular Characterization of the Claudin-low Intrinsic Subtype of Breast Cancer,Breast Carcinomas arising at a Young Age:  A Unique Biology or a Surrogate for Aggressive Intrinsic Subtypes.,https://www.ncbi.nlm.nih.gov/geo/query/acc.cgi?acc=GSE18229,https://www.ncbi.nlm.nih.gov/geo/query/acc.cgi?acc=GSE20624
GSE18229,GSE26338,319,1,0,0,0,near_containment,high_confidence_overlap,Phenotypic and Molecular Characterization of the Claudin-low Intrinsic Subtype of Breast Cancer,"Genomic analysis identifies unique signatures predictive of brain, lung, and liver relapse",https://www.ncbi.nlm.nih.gov/geo/query/acc.cgi?acc=GSE18229,https://www.ncbi.nlm.nih.gov/geo/query/acc.cgi?acc=GSE26338
GSE18229,GSE6130,134,0,0,0,0,near_containment,high_confidence_overlap,Phenotypic and Molecular Characterization of the Claudin-low Intrinsic Subtype of Breast Cancer,Agreement in Breast Cancer Classification between Microarray and qRT-PCR from Fresh-Frozen and Formalin-Fixed Tissues,https://www.ncbi.nlm.nih.gov/geo/query/acc.cgi?acc=GSE18229,https://www.ncbi.nlm.nih.gov/geo/query/acc.cgi?acc=GSE6130
GSE194040,GSE196096,988,0,0,0,0,complete_containment,high_confidence_overlap,I-SPY2-990 mRNA/RPPA Data Resource: mRNA component,I-SPY2-990 mRNA/RPPA Data Resource,https://www.ncbi.nlm.nih.gov/geo/query/acc.cgi?acc=GSE194040,https://www.ncbi.nlm.nih.gov/geo/query/acc.cgi?acc=GSE196096
GSE196093,GSE196096,736,0,0,0,0,complete_containment,high_confidence_overlap,I-SPY2-990 mRNA/RPPA Data Resource: RPPA component,I-SPY2-990 mRNA/RPPA Data Resource,https://www.ncbi.nlm.nih.gov/geo/query/acc.cgi?acc=GSE196093,https://www.ncbi.nlm.nih.gov/geo/query/acc.cgi?acc=GSE196096
GSE20181,GSE5462,116,0,0,0,0,complete_containment,high_confidence_overlap,Letrozole (Femara) early and late responses to treatment,Letrozole (Femara) early response to treatment,https://www.ncbi.nlm.nih.gov/geo/query/acc.cgi?acc=GSE20181,https://www.ncbi.nlm.nih.gov/geo/query/acc.cgi?acc=GSE5462
GSE20194,GSE20271,0,0,15,4,20,,high_confidence_overlap,MAQC-II Project: human breast cancer (BR) data set,Expression data from breast cancer FNA biopsies from patients,https://www.ncbi.nlm.nih.gov/geo/query/acc.cgi?acc=GSE20194,https://www.ncbi.nlm.nih.gov/geo/query/acc.cgi?acc=GSE20271
GSE20194,GSE22093,0,0,0,0,1,,manual_review_required,MAQC-II Project: human breast cancer (BR) data set,Expression data from breast cancer FNA biopsies from patients,https://www.ncbi.nlm.nih.gov/geo/query/acc.cgi?acc=GSE20194,https://www.ncbi.nlm.nih.gov/geo/query/acc.cgi?acc=GSE22093
GSE20194,GSE25055,0,0,187,0,1,,high_confidence_overlap,MAQC-II Project: human breast cancer (BR) data set,Discovery cohort for genomic predictor of response and survival following neoadjuvant taxane-anthracycline chemotherapy in breast cancer,https://www.ncbi.nlm.nih.gov/geo/query/acc.cgi?acc=GSE20194,https://www.ncbi.nlm.nih.gov/geo/query/acc.cgi?acc=GSE25055
GSE20194,GSE25065,0,0,0,0,1,,manual_review_required,MAQC-II Project: human breast cancer (BR) data set,Validation cohort for genomic predictor of response and survival following neoadjuvant taxane-anthracycline chemotherapy in breast cancer,https://www.ncbi.nlm.nih.gov/geo/query/acc.cgi?acc=GSE20194,https://www.ncbi.nlm.nih.gov/geo/query/acc.cgi?acc=GSE25065
GSE20194,GSE42822,0,0,0,0,1,,manual_review_required,MAQC-II Project: human breast cancer (BR) data set,Expression data from breast cancer FNA biopsies from patients ( (USO samples),https://www.ncbi.nlm.nih.gov/geo/query/acc.cgi?acc=GSE20194,https://www.ncbi.nlm.nih.gov/geo/query/acc.cgi?acc=GSE42822
GSE20271,GSE22093,0,13,3,0,11,,high_confidence_overlap,Expression data from breast cancer FNA biopsies from patients,Expression data from breast cancer FNA biopsies from patients,https://www.ncbi.nlm.nih.gov/geo/query/acc.cgi?acc=GSE20271,https://www.ncbi.nlm.nih.gov/geo/query/acc.cgi?acc=GSE22093
GSE20271,GSE25055,0,0,16,3,14,,high_confidence_overlap,Expression data from breast cancer FNA biopsies from patients,Discovery cohort for genomic predictor of response and survival following neoadjuvant taxane-anthracycline chemotherapy in breast cancer,https://www.ncbi.nlm.nih.gov/geo/query/acc.cgi?acc=GSE20271,https://www.ncbi.nlm.nih.gov/geo/query/acc.cgi?acc=GSE25055
GSE20271,GSE25065,0,0,22,4,18,,high_confidence_overlap,Expression data from breast cancer FNA biopsies from patients,Validation cohort for genomic predictor of response and survival following neoadjuvant taxane-anthracycline chemotherapy in breast cancer,https://www.ncbi.nlm.nih.gov/geo/query/acc.cgi?acc=GSE20271,https://www.ncbi.nlm.nih.gov/geo/query/acc.cgi?acc=GSE25065
GSE20624,GSE26338,192,1,0,0,0,partial_overlap,high_confidence_overlap,Breast Carcinomas arising at a Young Age:  A Unique Biology or a Surrogate for Aggressive Intrinsic Subtypes.,"Genomic analysis identifies unique signatures predictive of brain, lung, and liver relapse",https://www.ncbi.nlm.nih.gov/geo/query/acc.cgi?acc=GSE20624,https://www.ncbi.nlm.nih.gov/geo/query/acc.cgi?acc=GSE26338
GSE20624,GSE6130,110,0,0,0,0,partial_overlap,high_confidence_overlap,Breast Carcinomas arising at a Young Age:  A Unique Biology or a Surrogate for Aggressive Intrinsic Subtypes.,Agreement in Breast Cancer Classification between Microarray and qRT-PCR from Fresh-Frozen and Formalin-Fixed Tissues,https://www.ncbi.nlm.nih.gov/geo/query/acc.cgi?acc=GSE20624,https://www.ncbi.nlm.nih.gov/geo/query/acc.cgi?acc=GSE6130
GSE22093,GSE25065,0,0,4,0,0,,high_confidence_overlap,Expression data from breast cancer FNA biopsies from patients,Validation cohort for genomic predictor of response and survival following neoadjuvant taxane-anthracycline chemotherapy in breast cancer,https://www.ncbi.nlm.nih.gov/geo/query/acc.cgi?acc=GSE22093,https://www.ncbi.nlm.nih.gov/geo/query/acc.cgi?acc=GSE25065
GSE221060,GSE221222,6,0,0,0,0,complete_containment,high_confidence_overlap,Long noncoding RNA expression profile of chemotherapy-sensitive and resistant breast cancer tissues,ATR/Chk1 interacting lncRNA modulates DNA damage response to induce breast cancer chemoresistance,https://www.ncbi.nlm.nih.gov/geo/query/acc.cgi?acc=GSE221060,https://www.ncbi.nlm.nih.gov/geo/query/acc.cgi?acc=GSE221222
GSE221061,GSE221222,6,0,0,0,0,complete_containment,high_confidence_overlap,Long noncoding RNA expression profile of breast cancer tissues pre- and post-neoadjuvant chemotherapy,ATR/Chk1 interacting lncRNA modulates DNA damage response to induce breast cancer chemoresistance,https://www.ncbi.nlm.nih.gov/geo/query/acc.cgi?acc=GSE221061,https://www.ncbi.nlm.nih.gov/geo/query/acc.cgi?acc=GSE221222
GSE23988,GSE42822,0,60,57,1,2,,high_confidence_overlap,Expression data from breast cancer FNA biopsies from patients (US samples),Expression data from breast cancer FNA biopsies from patients ( (USO samples),https://www.ncbi.nlm.nih.gov/geo/query/acc.cgi?acc=GSE23988,https://www.ncbi.nlm.nih.gov/geo/query/acc.cgi?acc=GSE42822
GSE24578,GSE24717,14,0,0,0,0,complete_containment,high_confidence_overlap,Basal gene expression of breast cancer cell lines,Using a Stem Cell-Based Signature to Guide Therapeutic Selection in Cancer,https://www.ncbi.nlm.nih.gov/geo/query/acc.cgi?acc=GSE24578,https://www.ncbi.nlm.nih.gov/geo/query/acc.cgi?acc=GSE24717
GSE24716,GSE24717,8,0,0,0,0,complete_containment,high_confidence_overlap,Expression data from CD133+ and CD133- glioma cells,Using a Stem Cell-Based Signature to Guide Therapeutic Selection in Cancer,https://www.ncbi.nlm.nih.gov/geo/query/acc.cgi?acc=GSE24716,https://www.ncbi.nlm.nih.gov/geo/query/acc.cgi?acc=GSE24717
GSE25055,GSE25066,310,0,0,0,0,complete_containment,high_confidence_overlap,Discovery cohort for genomic predictor of response and survival following neoadjuvant taxane-anthracycline chemotherapy in breast cancer,Genomic predictor of response and survival following neoadjuvant taxane-anthracycline chemotherapy in breast cancer,https://www.ncbi.nlm.nih.gov/geo/query/acc.cgi?acc=GSE25055,https://www.ncbi.nlm.nih.gov/geo/query/acc.cgi?acc=GSE25066
GSE25065,GSE25066,198,0,0,0,0,complete_containment,high_confidence_overlap,Validation cohort for genomic predictor of response and survival following neoadjuvant taxane-anthracycline chemotherapy in breast cancer,Genomic predictor of response and survival following neoadjuvant taxane-anthracycline chemotherapy in breast cancer,https://www.ncbi.nlm.nih.gov/geo/query/acc.cgi?acc=GSE25065,https://www.ncbi.nlm.nih.gov/geo/query/acc.cgi?acc=GSE25066
GSE26338,GSE6130,137,0,0,0,0,near_containment,high_confidence_overlap,"Genomic analysis identifies unique signatures predictive of brain, lung, and liver relapse",Agreement in Breast Cancer Classification between Microarray and qRT-PCR from Fresh-Frozen and Formalin-Fixed Tissues,https://www.ncbi.nlm.nih.gov/geo/query/acc.cgi?acc=GSE26338,https://www.ncbi.nlm.nih.gov/geo/query/acc.cgi?acc=GSE6130
GSE264252,GSE291966,0,34,0,0,0,,manual_review_required,Targeting neddylation and sumoylation in chemoresistant triple negative breast cancer,An annotated biobank of triple negative breast cancer patient-derived xenografts featuring treatment-naïve and longitudinal samples throughout neoadjuvant chemotherapy,https://www.ncbi.nlm.nih.gov/geo/query/acc.cgi?acc=GSE264252,https://www.ncbi.nlm.nih.gov/geo/query/acc.cgi?acc=GSE291966
GSE267543,GSE85206,0,17,0,0,0,,manual_review_required,Integrative miRNOMe profiling reveals the miR-195-5p-CHEK1 axis and its impact on luminal breast cancer outcomes ,Expression of oxysterol pathway genes in estrogen positive breast carcinomas-second phase,https://www.ncbi.nlm.nih.gov/geo/query/acc.cgi?acc=GSE267543,https://www.ncbi.nlm.nih.gov/geo/query/acc.cgi?acc=GSE85206
GSE28583,GSE28844,20,0,0,0,0,complete_containment,high_confidence_overlap,Differentially expressed genes after treatment with chemotherapy in breast cancer and their correlation with pathologic mid-response (Miller & Payne grade 3),Differentially expressed genes after treatment with chemotherapy in breast cancer and their correlation with pathologic response,https://www.ncbi.nlm.nih.gov/geo/query/acc.cgi?acc=GSE28583,https://www.ncbi.nlm.nih.gov/geo/query/acc.cgi?acc=GSE28844
GSE28694,GSE28844,13,0,0,0,0,complete_containment,high_confidence_overlap,Differentially expressed genes after treatment with chemotherapy in breast cancer and their correlation with pathologic good response (Miller & Payne grades 4 and 5),Differentially expressed genes after treatment with chemotherapy in breast cancer and their correlation with pathologic response,https://www.ncbi.nlm.nih.gov/geo/query/acc.cgi?acc=GSE28694,https://www.ncbi.nlm.nih.gov/geo/query/acc.cgi?acc=GSE28844
GSE28826,GSE28844,28,0,0,0,0,complete_containment,high_confidence_overlap,Differentially expressed genes after treatment with chemotherapy in breast cancer and their correlation with pathologic bad response (Miller & Payne grades 1 and 2),Differentially expressed genes after treatment with chemotherapy in breast cancer and their correlation with pathologic response,https://www.ncbi.nlm.nih.gov/geo/query/acc.cgi?acc=GSE28826,https://www.ncbi.nlm.nih.gov/geo/query/acc.cgi?acc=GSE28844
GSE289189,GSE289193,22,0,0,0,0,complete_containment,high_confidence_overlap,Histone H4 lysine 20 tri-methylation safeguards breast cancer lineage fidelity and unfolded protein response [Bulk RNA-seq],Histone H4 lysine 20 tri-methylation safeguards breast cancer lineage fidelity and unfolded protein response,https://www.ncbi.nlm.nih.gov/geo/query/acc.cgi?acc=GSE289189,https://www.ncbi.nlm.nih.gov/geo/query/acc.cgi?acc=GSE289193
GSE307574,GSE310422,0,1,0,0,0,,manual_review_required,Determinants of long-term response to patritumab deruxtecan (HER3-DXd) in breast cancer patient-derived xenografts,Determinants of long-term response to patritumab deruxtecan (HER3-DXd) in breast cancer patient-derived xenografts [NanoString],https://www.ncbi.nlm.nih.gov/geo/query/acc.cgi?acc=GSE307574,https://www.ncbi.nlm.nih.gov/geo/query/acc.cgi?acc=GSE310422
GSE37751,GSE39004,108,0,0,0,0,complete_containment,high_confidence_overlap,Molecular Profiles of Human Breast Cancer and Their Association with Tumor Subtypes and Disease Prognosis (Affymetrix),Molecular Profiles of Human Breast Cancer and Their Association with Tumor Subtypes and Disease Prognosis,https://www.ncbi.nlm.nih.gov/geo/query/acc.cgi?acc=GSE37751,https://www.ncbi.nlm.nih.gov/geo/query/acc.cgi?acc=GSE39004
GSE37754,GSE39004,72,0,0,0,0,complete_containment,high_confidence_overlap,Molecular Profiles of Human Breast Cancer and Their Association with Tumor Subtypes and Disease Prognosis (Illumina),Molecular Profiles of Human Breast Cancer and Their Association with Tumor Subtypes and Disease Prognosis,https://www.ncbi.nlm.nih.gov/geo/query/acc.cgi?acc=GSE37754,https://www.ncbi.nlm.nih.gov/geo/query/acc.cgi?acc=GSE39004
GSE4335,GSE4382,122,0,0,0,0,complete_containment,high_confidence_overlap,Norway/Stanford Breast Tumors,Repeated observation of breast tumor subtypes in independent gene expression data sets,https://www.ncbi.nlm.nih.gov/geo/query/acc.cgi?acc=GSE4335,https://www.ncbi.nlm.nih.gov/geo/query/acc.cgi?acc=GSE4382
GSE43807,GSE56259,0,99,0,0,0,,manual_review_required,The expression profile of ABC transporter genes in post-treatment breast carcinomas,The expression profile of cytochromes P450 (CYPs) and aldo-keto reductases (AKRs) in post-treatment breast carcinomas,https://www.ncbi.nlm.nih.gov/geo/query/acc.cgi?acc=GSE43807,https://www.ncbi.nlm.nih.gov/geo/query/acc.cgi?acc=GSE56259
GSE66305,GSE66399,88,0,0,0,0,complete_containment,high_confidence_overlap,Prospective biomarker analysis of the randomized CHER-LOB study evaluating the dual anti-HER2 treatment with chemotherapy plus trastuzumab and lapatinib as neoadjuvant therapy for HER2-positive breast cancer [expression],Prospective biomarker analysis of the randomized CHER-LOB study evaluating the dual anti-HER2 treatment with chemotherapy plus trastuzumab and lapatinib as neoadjuvant therapy for HER2-positive breast cancer,https://www.ncbi.nlm.nih.gov/geo/query/acc.cgi?acc=GSE66305,https://www.ncbi.nlm.nih.gov/geo/query/acc.cgi?acc=GSE66399
GSE66398,GSE66399,68,0,0,0,0,complete_containment,high_confidence_overlap,Prospective biomarker analysis of the randomized CHER-LOB study evaluating the dual anti-HER2 treatment with chemotherapy plus trastuzumab and lapatinib as neoadjuvant therapy for HER2-positive breast cancer [copy number],Prospective biomarker analysis of the randomized CHER-LOB study evaluating the dual anti-HER2 treatment with chemotherapy plus trastuzumab and lapatinib as neoadjuvant therapy for HER2-positive breast cancer,https://www.ncbi.nlm.nih.gov/geo/query/acc.cgi?acc=GSE66398,https://www.ncbi.nlm.nih.gov/geo/query/acc.cgi?acc=GSE66399
GSE76726,GSE76728,8,0,0,0,0,complete_containment,high_confidence_overlap,Tumour sampling method can significantly influence gene expression profiles derived from neoadjuvant window studies I,Tumour sampling method can significantly influence gene expression profiles derived from neoadjuvant window studies,https://www.ncbi.nlm.nih.gov/geo/query/acc.cgi?acc=GSE76726,https://www.ncbi.nlm.nih.gov/geo/query/acc.cgi?acc=GSE76728
GSE76727,GSE76728,66,0,0,0,0,complete_containment,high_confidence_overlap,Tumour sampling method can significantly influence gene expression profiles derived from neoadjuvant window studies II,Tumour sampling method can significantly influence gene expression profiles derived from neoadjuvant window studies,https://www.ncbi.nlm.nih.gov/geo/query/acc.cgi?acc=GSE76727,https://www.ncbi.nlm.nih.gov/geo/query/acc.cgi?acc=GSE76728
