series_a,series_b,candidate_links,shared_pubmed_ids,example_matches,title_a,title_b,review_priority,review_status
GSE43807,GSE56259,99,,Breast tumor [P101T] = Breast tumor P101T | Breast tumor [P102T] = Breast tumor P102T | Breast tumor [P109T] = Breast tumor P109T,The expression profile of ABC transporter genes in post-treatment breast carcinomas,The expression profile of cytochromes P450 (CYPs) and aldo-keto reductases (AKRs) in post-treatment breast carcinomas,high,pending_source_verification
GSE181466,GSE181548,97,,HCSC-0003 = HCSC-0003 | HCSC-0004 = HCSC-0004 | HCSC-0007 = HCSC-0007,RNAseq of a Triple-Negative Breast Cancer Cohort Treated with Neoadjuvant Carboplatin and Docetaxel According to Lehmann's Refined Classification,Pam50 of a Triple-Negative Breast Cancer Cohort Treated with Neoadjuvant Carboplatin and Docetaxel According to Lehmann's Refined Classification,high,pending_source_verification
GSE264252,GSE291966,34,,PIM010 = PIM010 | PIM014 = PIM014 | PIM024 = PIM024,Targeting neddylation and sumoylation in chemoresistant triple negative breast cancer,An annotated biobank of triple negative breast cancer patient-derived xenografts featuring treatment-naïve and longitudinal samples throughout neoadjuvant chemotherapy,high,pending_source_verification
GSE267543,GSE85206,17,,breast tumor M098T = Breast tumor_M098T | breast tumor M111T = Breast tumor_M111T | breast tumor M152T = Breast tumor_M152T,Integrative miRNOMe profiling reveals the miR-195-5p-CHEK1 axis and its impact on luminal breast cancer outcomes ,Expression of oxysterol pathway genes in estrogen positive breast carcinomas-second phase,high,pending_source_verification
GSE132207,GSE132513,9,34403459,CTR_d14_1 = CTR_D14_1 | CTR_d14_2 = CTR_D14_2 | CTR_d14_3 = CTR_D14_3,Epigenetic remodelling of enhancers in response to estrogen deprivation and re-stimulation [RNA-Seq],Epigenetic remodelling of enhancers in response to estrogen deprivation and re-stimulation [methylArray],high,pending_source_verification
GSE307574,GSE310422,1,41272064,PDX350.2_1038_20_CNTL_1R = PDX350.2_1038_20_CNTL_1R,Determinants of long-term response to patritumab deruxtecan (HER3-DXd) in breast cancer patient-derived xenografts,Determinants of long-term response to patritumab deruxtecan (HER3-DXd) in breast cancer patient-derived xenografts [NanoString],high,pending_source_verification
GSE20194,GSE22093,1,,,MAQC-II Project: human breast cancer (BR) data set,Expression data from breast cancer FNA biopsies from patients,standard,pending_source_verification
GSE20194,GSE25065,1,,,MAQC-II Project: human breast cancer (BR) data set,Validation cohort for genomic predictor of response and survival following neoadjuvant taxane-anthracycline chemotherapy in breast cancer,standard,pending_source_verification
GSE20194,GSE42822,1,,,MAQC-II Project: human breast cancer (BR) data set,Expression data from breast cancer FNA biopsies from patients ( (USO samples),standard,pending_source_verification
